Y2EvcHVnLnltbA,UnHMlx_XHCPdph-eYWLSmg
Y2ViL3B1Zy55bWw,akZ4_ck7iD4cGzCev4TbLQ
Y3MvcHVnLnltbA,WwclrR0H79f4CvmBZis5tQ
Y3kvcHVnLnltbA,oB5QtLc20ArKgaYizVpUWA
YWYvcHVnLnltbA,cLmYVrBibslZplgPXKpBaw
YXIvcHVnLnltbA,k5AR8j1GDrhXtmlc8B7zkQ
YXMvcHVnLnltbA,cBd1adt11yB-opE_sZCjrA
YXovcHVnLnltbA,UBrdiHYpLtpNr_tURfb_2Q
Ym4vcHVnLnltbA,zUfxurlBpUG_5iw4heIeuQ
YmUvcHVnLnltbA,bqpmspBFF2ImBwBm2s2-Pg
YmcvcHVnLnltbA,MjYfFIfBRxdSsGFPjfq8dw
YnMvcHVnLnltbA,z79DEMKY4zNHhXcVZEuhAA
Z2wvcHVnLnltbA,BxDJ87lQjiDt9Ba602Te2g
Z3UvcHVnLnltbA,BuFmxhgvxNqGAvjkEfoTJA
ZGEvcHVnLnltbA,NldGjkLNrWkeBS9Triz7SQ
ZGUvcHVnLnltbA,WX7uyLDO7QlqTdmQA_RHDQ
ZW4vcHVnLnltbA,AngC6apjWkhqx8M3msj29g
ZWwvcHVnLnltbA,Np_vtBDOJ_WC-37911sW1Q
ZXMvcHVnLnltbA,o6gDev-YoHRP2yP412klkg
ZXQvcHVnLnltbA,IaQpukcAx1YPXYbZOykxGg
ZXUvcHVnLnltbA,mj-tlWYTYUNgBE0ZC2mx4w
ZmEvcHVnLnltbA,wnR_gUffXCgMmFVDguN-3g
ZmkvcHVnLnltbA,7wykNVQL-GCZDMdMv7k9mg
ZmlsL3B1Zy55bWw,JnXt_0iIMU7GJgUHLFb6wQ
ZnIvcHVnLnltbA,W07PbSZkq0yfvaIN3dwpow
a20vcHVnLnltbA,o9zAp19H02TdTuqrIyvSkw
a24vcHVnLnltbA,o0MCXaBvZUVa4w4xIaNG3Q
a28vcHVnLnltbA,uD9UWNclVox9tr0MsJeASg
a2EvcHVnLnltbA,UGdnGvZrFkEmcQ0rBnrB5Q
a2svcHVnLnltbA,l4aDVx-tLngBivVAHyaeOA
aGkvcHVnLnltbA,FkG1VewlmYDzAC-0p48FjQ
aHIvcHVnLnltbA,gtxV1g4aNOZnw_8n-M4NXQ
aHUvcHVnLnltbA,joy24CicGZOE9tumoHq66w
aHkvcHVnLnltbA,8V9keNGOXvjfxmc8cZ-GUw
aWQvcHVnLnltbA,O8T2l7hWt_NodC6o06Icqg
aXMvcHVnLnltbA,-cBag02FvMd8dvTovXUo_A
aXQvcHVnLnltbA,D-6RYyGzYZIW7aXZYJ3lSQ
aXcvcHVnLnltbA,GYh7lIn6bsDzBmiw02fn6w
amEvcHVnLnltbA,t3SdxrnC23m5PWAmPnPb6w
anYvcHVnLnltbA,JISF3wShJGEIkJuMqozxNg
b3IvcHVnLnltbA,I9HrSrFrcNVAR9sLx8s5pg
bG8vcHVnLnltbA,XWxF9ZSRMeWwpmotkU8SfQ
bGIvcHVnLnltbA,N5QAHl5RWF_efEP-9EMmHQ
bHQvcHVnLnltbA,RCc9wkSsiSpXT-Lxrs-dDg
bHYvcHVnLnltbA,ShczCryHL81xaa1qFt76og
bWsvcHVnLnltbA,ED2haWDIefKOURViqwJA-Q
bXIvcHVnLnltbA,RAqn4i_699O2IKUHVREkGw
bXMvcHVnLnltbA,gsA9QAvRE8Qn7uHRgUbhNw
bXQvcHVnLnltbA,Jsrok_rlZsPpHkeFPoNcQA
bXkvcHVnLnltbA,YxxYh7h1gB6v0nUHM2bCtQ
bm8vcHVnLnltbA,E-1WJkF9g6oiOfJMd_Xruw
bmUvcHVnLnltbA,SyshlLmgYmIwPnDAjshq3A
bmwvcHVnLnltbA,hfCxGg2XgkIbUoxKk7nt8g
c2QvcHVnLnltbA,crt4JUNYjOpao398d0-qXw
c2kvcHVnLnltbA,x14NKpY6y32ZpZ80hCL-hQ
c2svcHVnLnltbA,ATQgIitwE5Vb1ovUkJD_Zg
c2wvcHVnLnltbA,t59XmpQRhISKB_bxRUAp6w
c3EvcHVnLnltbA,DfRGKhWhpUB66aBxAekTPg
c3IvcHVnLnltbA,1wS8OMSJ334FAIcduuEr9w
c3YvcHVnLnltbA,Bqi23LyuCUrjBOkvyPPJiw
c3cvcHVnLnltbA,ktuXd-LdP7YjCuPtdRifXQ
cGwvcHVnLnltbA,izqiTC8kaKZiS3bYa6RJ-Q
cHQvcHVnLnltbA,2X81NxIqi9MRZZ5OCFrmmw
cm8vcHVnLnltbA,qp0TFHRQFXeXmpTQ8Qau-A
cnUvcHVnLnltbA,rB6tHNPLruCdHv0rpXRU0Q
dGEvcHVnLnltbA,yX8f5U2-6OWfM46y-J0h_g
dGUvcHVnLnltbA,uymSWmOVKOIrQfspSl-mcg
dGgvcHVnLnltbA,iTqYCf5rhBJMy2cf711G2Q
dHIvcHVnLnltbA,fTVL3YLE7YnnJDpzcBX4EA
dWsvcHVnLnltbA,1aBB1J0hBJXXkZcHsX51YQ
dXIvcHVnLnltbA,XGQt1FImrGQsB2ajLWTN-Q
dXovcHVnLnltbA,hHV1o6o5QHeV9NSNVouAzw
dmkvcHVnLnltbA,-EwzbMTaTr0AsyEbPvDoog
emgtVFcvcHVnLnltbA,kb83CIpv1xbXcpUWbK5Q3g
emgvcHVnLnltbA,QRZFR0HKZA15zsmYydxKuA