Y2EvUkVBRE1FLm1k,Remu3Pn6NcuZ7GCd9WiYww
Y2ViL1JFQURNRS5tZA,V8D3cUYfAAFocjB_2LS3gA
Y3MvUkVBRE1FLm1k,tA5zsBZ6Gjw7315yjAGxhA
Y3kvUkVBRE1FLm1k,m4vwNLymXtqOQmNq4nEVug
YWYvUkVBRE1FLm1k,8kqDNz6J294bXgKiOB464Q
YXIvUkVBRE1FLm1k,eOSBLmKveTCOt1Tfdaw8MQ
YXMvUkVBRE1FLm1k,tajy2AyUzfHgpezhh-DFmQ
YXovUkVBRE1FLm1k,SqX55XL-LDF3ztCxXD75_w
Ym4vUkVBRE1FLm1k,auMzl3cIbuvginHfxc7sBw
YmUvUkVBRE1FLm1k,j0lz8C5OJXeDjRKoaNjR1g
YmcvUkVBRE1FLm1k,mrWNxG2GUFnCkhgw021ldg
YnMvUkVBRE1FLm1k,9Pqz2IGwFK0CsuYG-EZACA
Z2wvUkVBRE1FLm1k,1sK9ej4ekJX-3Jsi7KXXJg
Z3UvUkVBRE1FLm1k,XlF89R1wZ9YTxwzMVbNQ-g
ZGEvUkVBRE1FLm1k,iPUizNxpfkg2ubfm6qGEyA
ZGUvUkVBRE1FLm1k,6yHTKcxrPbeJx_GnROHDmA
ZW4vUkVBRE1FLm1k,2C7xYFIvNsov1X22T4SZMg
ZWwvUkVBRE1FLm1k,OKHgO5wl11zB7GdCdXBJlQ
ZXMvUkVBRE1FLm1k,8zgig21-DfrHLHShyAeEZQ
ZXQvUkVBRE1FLm1k,pJD0wf6JAEH-BzJ4t8SSMw
ZXUvUkVBRE1FLm1k,iX7yC8p9rJ1UcJtcPIOwSQ
ZmEvUkVBRE1FLm1k,8xMUE-54Tyn-_V9GsHpOBg
ZmkvUkVBRE1FLm1k,zNIEkG3I-rIzOvLg5AN1yQ
ZmlsL1JFQURNRS5tZA,5EU8hNRsOc9L7jK_E1Hieg
ZnIvUkVBRE1FLm1k,f67Bn9FuMl1cuEb1vMg0XQ
a20vUkVBRE1FLm1k,w1bY_8aEKWgABLHo-3U0wg
a24vUkVBRE1FLm1k,e3Llh9udG2xjUtrsIfQDwQ
a28vUkVBRE1FLm1k,dgnvS-SN9qk-c6EIEk4Wrw
a2EvUkVBRE1FLm1k,NILo_ag-ADbJumwHCDQ4yQ
a2svUkVBRE1FLm1k,-QWmiY9Vmt3Dw_58PW1uww
aGkvUkVBRE1FLm1k,49SzphS47BfogeD5opqcQA
aHIvUkVBRE1FLm1k,-40VK95CBUJUcPlEAkbG5w
aHUvUkVBRE1FLm1k,8DFLTUde067KeuHDgTHM8A
aHkvUkVBRE1FLm1k,g4Tong-4HOPoe_WbdLxrAA
aWQvUkVBRE1FLm1k,mLHptoTTlAaEWzMTo-3W_A
aXMvUkVBRE1FLm1k,udzdeed7XNzgUp79TMcUkw
aXQvUkVBRE1FLm1k,BnVT2ssbYorGVG71QJntDQ
aXcvUkVBRE1FLm1k,Kyp83II-3dkfQN_ZDp1kKA
amEvUkVBRE1FLm1k,V74-36ZyCD6NvvsxGP1Nig
anYvUkVBRE1FLm1k,70oZE3V9sFnUp9RWw5HeEQ
b3IvUkVBRE1FLm1k,9Jlm-wRkipH0ioLjWkRcwQ
bG8vUkVBRE1FLm1k,Z8a1vNVxHFx_8ZT6mfKGyA
bGIvUkVBRE1FLm1k,IbrVnNaZgFxmxdfVWwOMnQ
bHQvUkVBRE1FLm1k,hnCvzmgavWHXL2fzvLha4Q
bHYvUkVBRE1FLm1k,pplBWc9TVHDYl7qFR8UR1A
bWsvUkVBRE1FLm1k,QWCM3LHfL7Gabne8CPOWmg
bXIvUkVBRE1FLm1k,1bsdndwBbHCMHAtydLBvvA
bXMvUkVBRE1FLm1k,LllKzRF5Wk98pO0OT24RTw
bXQvUkVBRE1FLm1k,m7lWeCfATLkW3VPjgZaVlQ
bXkvUkVBRE1FLm1k,a8rsEuY4XtnBDWdYlcS4NA
bm8vUkVBRE1FLm1k,hvVKqWBEFjlCh6ZxN0te6g
bmUvUkVBRE1FLm1k,MF1MIvPXzNDjyfpbugGn5w
bmwvUkVBRE1FLm1k,vxwcuXCPe38JIumuQXEzjA
c2QvUkVBRE1FLm1k,5kR1Pc349K9dXfUWMeTH6A
c2kvUkVBRE1FLm1k,qm6p72cT68IA5tKd1LLa2w
c2svUkVBRE1FLm1k,shIrLsijTo5KteqrGgKbIA
c2wvUkVBRE1FLm1k,NKt0bQ-M0f77KHBdXC6w-Q
c3EvUkVBRE1FLm1k,Zf3NCCR6H7_bAC1MwGA53Q
c3IvUkVBRE1FLm1k,Vbu_sCLkGU7knXiaTB4Dag
c3YvUkVBRE1FLm1k,btWFLqgwzLz0ZhWjzVbhOQ
c3cvUkVBRE1FLm1k,XWag6LpRjgoVGbNkfMaDEg
cGwvUkVBRE1FLm1k,Snpkm3zkzO7s9GBba9-Ubg
cHQvUkVBRE1FLm1k,ZKyKu_MqiEpenPlgQFn6lA
cm8vUkVBRE1FLm1k,ShR-t2CyIavzyY4n4Yxe-w
cnUvUkVBRE1FLm1k,tTusMfEUYvpxhe4c8VJ3Hg
dGEvUkVBRE1FLm1k,N3UWzWYBdIRjwzUzdgR9Ow
dGUvUkVBRE1FLm1k,IO2j9GCRXMcxbaquPbKZjw
dGgvUkVBRE1FLm1k,WsFCAwtzDVixEQmutfvPPw
dHIvUkVBRE1FLm1k,UQzbONBBUMCBBHR3bsBhCw
dWsvUkVBRE1FLm1k,7NRfbvQ57_3ZJ_buTJ-HSg
dXIvUkVBRE1FLm1k,n0iFmN_TnBd9U5RS9qn0MQ
dXovUkVBRE1FLm1k,fNWrheuwfU8mGHGUpLQoiA
dmkvUkVBRE1FLm1k,I5_z40siFLY06cRP20O1fQ
emgtVFcvUkVBRE1FLm1k,HYd9DEROaDloHjitTwtoRw
emgvUkVBRE1FLm1k,L3roI0UlU2WILl6I8wfLCQ