Y2EvUkVBRE1FLm1k,OEpZTlBXXvGa8BkLpKEh7Q
Y2ViL1JFQURNRS5tZA,aJ7dmlUWEpWZCEcAdLsukw
Y3MvUkVBRE1FLm1k,89FCkXW4Fxqc4kkdVPiaiA
Y3kvUkVBRE1FLm1k,bUxHVclWlmsmLo4E0I_nZQ
YWYvUkVBRE1FLm1k,7y3ZEQftFLOnUox1qGKgUA
YXIvUkVBRE1FLm1k,CleWLdCAwHiMBbSpkEUWXg
YXMvUkVBRE1FLm1k,kBtHs0Cc3LWHIhsE_mMvQg
YXovUkVBRE1FLm1k,cdYWQZO96ZE9qanTdVhaVw
Ym4vUkVBRE1FLm1k,P36aps_i-ZsOQOB71YHtfg
YmUvUkVBRE1FLm1k,SBby5g9uMZpApX9TpfV9GA
YmcvUkVBRE1FLm1k,llkDl4m058PUl9uAfGkBsA
YnMvUkVBRE1FLm1k,yE5-qetrMdVqDV0xFj5JQg
Z2wvUkVBRE1FLm1k,72Ck1P_pqN9JJPerCWLZ1Q
Z3UvUkVBRE1FLm1k,Mmt_dE3Menje7WHt_Q3r2w
ZGEvUkVBRE1FLm1k,S756g980AZCQ_1lQ75U5VA
ZGUvUkVBRE1FLm1k,VNL3aBoVKdDXtyC-q19fuA
ZW4vUkVBRE1FLm1k,1lTNYpWUnscajfNjhWh1zA
ZWwvUkVBRE1FLm1k,QVCCEvm3LFJuwHRGry9PvA
ZXMvUkVBRE1FLm1k,_swxEAw_oyCOSzy6HDa5Cg
ZXQvUkVBRE1FLm1k,sN7vgAEefM_b0ovwTPKd7w
ZXUvUkVBRE1FLm1k,cjBjgWy9yYiE4B2gQzR8TQ
ZmEvUkVBRE1FLm1k,lX-xGBRYQ_DkFok-MeZ7BA
ZmkvUkVBRE1FLm1k,MPUtlrQUF0GdlM3Ss_oAFw
ZmlsL1JFQURNRS5tZA,_xx_7J6HlwgY6Q8CXpKjUQ
ZnIvUkVBRE1FLm1k,S16pL3UUepnSzWqFPDgd2w
a20vUkVBRE1FLm1k,TcRlpGXqO7I_cEndaA0tnA
a24vUkVBRE1FLm1k,0-TPRoDZReMnaIiRepXRng
a28vUkVBRE1FLm1k,uvtKL-xZlEmgojbBQbYWbQ
a2EvUkVBRE1FLm1k,RfB_FdueBNzfqAQj91Z2qw
a2svUkVBRE1FLm1k,oQK9ftCql9e22BfZnEV3_g
aGkvUkVBRE1FLm1k,lBqzYTQH4Vqo7MYYni7vOQ
aHIvUkVBRE1FLm1k,pBB77dGWxrpYnf1gE5mqXw
aHUvUkVBRE1FLm1k,FU07ZAtDmJFp28eHhWvpyg
aHkvUkVBRE1FLm1k,Eql_6_lRZ-bDK18XCrFGVA
aWQvUkVBRE1FLm1k,mCsa1RCissZjbpug21IFYg
aXMvUkVBRE1FLm1k,hf5QVoOpW3YOILUf6onhQQ
aXQvUkVBRE1FLm1k,TpiS8VutZ0iPJz1ggs8Cqg
aXcvUkVBRE1FLm1k,CWNp37vQIGPVvVpl3ezFXg
amEvUkVBRE1FLm1k,WrftI5y36wB30lTE4J5nwQ
anYvUkVBRE1FLm1k,ZcyBqeaD41ecUpKF_n3PBw
b3IvUkVBRE1FLm1k,uIB4iTMnhzrHEuo10RN7Zg
bG8vUkVBRE1FLm1k,bbyEGwXdt1EV0zcq1SeGHg
bGIvUkVBRE1FLm1k,yB2ftTVZDdg-8pspQ5-W_g
bHQvUkVBRE1FLm1k,RoP0Lb1QzjHnIbUZsEM36Q
bHYvUkVBRE1FLm1k,xbVcaSXGUE9mZx8HuIC3qA
bWsvUkVBRE1FLm1k,haIIDZG8yKFypwbVeIrK2A
bXIvUkVBRE1FLm1k,LnyeOlZFPYqFrbpcryhjNQ
bXMvUkVBRE1FLm1k,aaNZtlnTVfC5mLjF6gXm9A
bXQvUkVBRE1FLm1k,oDSwFit_TmNPIQInlf2DoA
bXkvUkVBRE1FLm1k,ulATmpDV_rzFxG1hSSz1cA
bm8vUkVBRE1FLm1k,bsXilJuuNn2DnykrarFfJw
bmUvUkVBRE1FLm1k,_Q8Sr_5cs2XEqjRZPsxlTg
bmwvUkVBRE1FLm1k,H5ikmyhGNGj2XasrvOcGDA
c2QvUkVBRE1FLm1k,ZC4_mkTND84OcEbMh9DOYA
c2kvUkVBRE1FLm1k,F5HmhgCmQuHU2ES4xJdbpw
c2svUkVBRE1FLm1k,QPHfKk-_4fzlg1BuIduIow
c2wvUkVBRE1FLm1k,SThHPqYeiKsHpDFD5POYhQ
c3EvUkVBRE1FLm1k,nADLA9yzA4Duw1tCj9anTw
c3IvUkVBRE1FLm1k,-NSp6CtnmRymGJtFg1eqyw
c3YvUkVBRE1FLm1k,O3ZLxGi_wxIRL8v31toI0Q
c3cvUkVBRE1FLm1k,iLG8rKUv5oC1X6_PKW2Q1A
cGwvUkVBRE1FLm1k,83NBKYw3ZcBluBD4XBiKhg
cHQvUkVBRE1FLm1k,41QgOSWSVeIV6EMhVwUC5g
cm8vUkVBRE1FLm1k,ru4-05jhADqAW0Y9fkiVoA
cnUvUkVBRE1FLm1k,Pl7QkzL1pdz4d3Ic81By7Q
dGEvUkVBRE1FLm1k,UwOnE-xKW9wnamBmw4QvNA
dGUvUkVBRE1FLm1k,8rP_3Z1JjCb71t5bNSPycg
dGgvUkVBRE1FLm1k,xDL5yqwNAYh9ZbF2J5NN9Q
dHIvUkVBRE1FLm1k,26mdBcNSpCDGENyy5p4Qbg
dWsvUkVBRE1FLm1k,YXxBf_XDYVmnXTG8QzX8HA
dXIvUkVBRE1FLm1k,mK_or5Al7RyM7efK2-5UEg
dXovUkVBRE1FLm1k,MZcnVcckczPEizoejt6VXQ
dmkvUkVBRE1FLm1k,jKSvrb2oxeXx3Pto2_RrbQ
emgtVFcvUkVBRE1FLm1k,ybSzmDiSMYZkoGrLxSu1uw
emgvUkVBRE1FLm1k,77983bLRdgeSCbUBc-L-Ug