de/jsDoc.yml,1289
ru/jsDoc.yml,1289
fr/jsDoc.yml,1289
en/jsDoc.yml,1289
ko/jsDoc.yml,1289
it/jsDoc.yml,1289
tr/jsDoc.yml,1289
id/jsDoc.yml,1289
ar/jsDoc.yml,1289
nl/jsDoc.yml,1289
zh-TW/jsDoc.yml,1289
th/jsDoc.yml,1289
pl/jsDoc.yml,1289
sv/jsDoc.yml,1289
ja/jsDoc.yml,1289
no/jsDoc.yml,1289
fa/jsDoc.yml,1289
vi/jsDoc.yml,1289
bn/jsDoc.yml,1289
af/jsDoc.yml,1289
da/jsDoc.yml,1289
ro/jsDoc.yml,1289
cs/jsDoc.yml,1289
hi/jsDoc.yml,1289
ta/jsDoc.yml,1289
ceb/jsDoc.yml,1289
mr/jsDoc.yml,1289
pt/jsDoc.yml,1289
kn/jsDoc.yml,1289
ca/jsDoc.yml,1289
ms/jsDoc.yml,1289
ur/jsDoc.yml,1289
fi/jsDoc.yml,1289
te/jsDoc.yml,1289
sk/jsDoc.yml,1289
uk/jsDoc.yml,1289
gu/jsDoc.yml,1289
hu/jsDoc.yml,1289
es/jsDoc.yml,1289
sw/jsDoc.yml,1289
kk/jsDoc.yml,1289
eu/jsDoc.yml,1289
hr/jsDoc.yml,1289
cy/jsDoc.yml,1289
lb/jsDoc.yml,1289
az/jsDoc.yml,1289
or/jsDoc.yml,1289
bg/jsDoc.yml,1289
be/jsDoc.yml,1289
sd/jsDoc.yml,1289
si/jsDoc.yml,1289
sr/jsDoc.yml,1289
sl/jsDoc.yml,1289
as/jsDoc.yml,1289
lv/jsDoc.yml,1289
km/jsDoc.yml,1289
lt/jsDoc.yml,1289
ne/jsDoc.yml,1289
hy/jsDoc.yml,1289
et/jsDoc.yml,1289
bs/jsDoc.yml,1289
gl/jsDoc.yml,1289
ka/jsDoc.yml,1289
my/jsDoc.yml,1289
lo/jsDoc.yml,1289
el/jsDoc.yml,1289
fil/jsDoc.yml,1289
jv/jsDoc.yml,1289
sq/jsDoc.yml,1289
uz/jsDoc.yml,1289
iw/jsDoc.yml,1289
mk/jsDoc.yml,1289
is/jsDoc.yml,1289
mt/jsDoc.yml,1289
en/publish.yml,329
hi/publish.yml,329
de/publish.yml,329
fr/publish.yml,329
ja/publish.yml,329
it/publish.yml,329
id/publish.yml,329
tr/publish.yml,329
ru/publish.yml,329
nl/publish.yml,329
pl/publish.yml,329
zh-TW/publish.yml,329
sv/publish.yml,329
ar/publish.yml,329
no/publish.yml,329
ceb/publish.yml,329
bn/publish.yml,329
fa/publish.yml,329
th/publish.yml,329
es/publish.yml,329
af/publish.yml,329
ko/publish.yml,329
vi/publish.yml,329
da/publish.yml,329
ro/publish.yml,329
ur/publish.yml,329
mr/publish.yml,329
ms/publish.yml,329
pt/publish.yml,329
kn/publish.yml,329
ca/publish.yml,329
gu/publish.yml,329
fi/publish.yml,329
kk/publish.yml,329
ta/publish.yml,329
cs/publish.yml,329
uk/publish.yml,329
sk/publish.yml,329
sw/publish.yml,329
eu/publish.yml,329
hu/publish.yml,329
hr/publish.yml,329
el/publish.yml,329
te/publish.yml,329
si/publish.yml,329
bg/publish.yml,329
az/publish.yml,329
sr/publish.yml,329
be/publish.yml,329
my/publish.yml,329
lb/publish.yml,329
sd/publish.yml,329
sl/publish.yml,329
lt/publish.yml,329
as/publish.yml,329
et/publish.yml,329
lv/publish.yml,329
cy/publish.yml,329
gl/publish.yml,329
or/publish.yml,329
ne/publish.yml,329
km/publish.yml,329
hy/publish.yml,329
bs/publish.yml,329
ka/publish.yml,329
lo/publish.yml,329
jv/publish.yml,329
uz/publish.yml,329
is/publish.yml,329
mt/publish.yml,329
sq/publish.yml,329
mk/publish.yml,329
fil/publish.yml,329
iw/publish.yml,329
en/cli.yml,1797
fr/cli.yml,1797
de/cli.yml,1797
ko/cli.yml,1797
ru/cli.yml,1797
it/cli.yml,1797
ja/cli.yml,1797
es/cli.yml,1797
hi/cli.yml,1797
tr/cli.yml,1797
id/cli.yml,1797
ar/cli.yml,1797
nl/cli.yml,1797
pl/cli.yml,1797
zh-TW/cli.yml,1797
sv/cli.yml,1797
no/cli.yml,1797
bn/cli.yml,1797
ceb/cli.yml,1797
th/cli.yml,1797
fa/cli.yml,1797
vi/cli.yml,1797
af/cli.yml,1797
mr/cli.yml,1797
ms/cli.yml,1797
da/cli.yml,1797
ta/cli.yml,1797
ur/cli.yml,1797
ro/cli.yml,1797
cs/cli.yml,1797
fi/cli.yml,1797
kn/cli.yml,1797
pt/cli.yml,1797
el/cli.yml,1797
ca/cli.yml,1797
gu/cli.yml,1797
kk/cli.yml,1797
te/cli.yml,1797
uk/cli.yml,1797
hu/cli.yml,1797
sk/cli.yml,1797
bg/cli.yml,1797
cy/cli.yml,1797
si/cli.yml,1797
sw/cli.yml,1797
eu/cli.yml,1797
hr/cli.yml,1797
lb/cli.yml,1797
lt/cli.yml,1797
az/cli.yml,1797
sr/cli.yml,1797
my/cli.yml,1797
be/cli.yml,1797
or/cli.yml,1797
gl/cli.yml,1797
sd/cli.yml,1797
as/cli.yml,1797
sl/cli.yml,1797
lv/cli.yml,1797
et/cli.yml,1797
hy/cli.yml,1797
ne/cli.yml,1797
km/cli.yml,1797
bs/cli.yml,1797
ka/cli.yml,1797
sq/cli.yml,1797
mk/cli.yml,1797
is/cli.yml,1797
lo/cli.yml,1797
mt/cli.yml,1797
fil/cli.yml,1797
iw/cli.yml,1797
jv/cli.yml,1797
uz/cli.yml,1797