Y2EvcHVnLnltbA,pw4na57pIOMPtZBktuPy0A
Y2ViL3B1Zy55bWw,UkCgCfAuxqZug5E1vwUPng
Y3MvcHVnLnltbA,NF65VxT75GtImJA6xZarlw
Y3kvcHVnLnltbA,2bKQ1pLuSam0x8JVsEHnLQ
YWYvcHVnLnltbA,FKy5nQak0vOOD4eK6YU73Q
YXIvcHVnLnltbA,DzWBcN5NynMw-jLWBF3Ihw
YXMvcHVnLnltbA,idVETeioFM_CTsAmiHeVPQ
YXovcHVnLnltbA,aItjNsk78GMvsqbzhA54SQ
Ym4vcHVnLnltbA,DkT_J5maKMHoM-_4R3yVSg
YmUvcHVnLnltbA,TmsqGm-yoNFU5bCxClU_iA
YmcvcHVnLnltbA,kzGyZUT4ym5vu7qeb74ciA
YnMvcHVnLnltbA,0AXJEKDd5Gmmcd2F3on-bA
Z2wvcHVnLnltbA,eBoj-T03kwDuSf0JOPwUUg
Z3UvcHVnLnltbA,S4Duz33PecIsU6hmT1zLmQ
ZGEvcHVnLnltbA,18ReYe6iOACTozoA9lEDbA
ZGUvcHVnLnltbA,OQYC6tiz-Wxp2tJPxIBAxQ
ZW4vcHVnLnltbA,PI4aYcxWZebr3QCHpYl6RQ
ZWwvcHVnLnltbA,wMhNYryAFXd9R1VcksK6jA
ZXMvcHVnLnltbA,CI-Vms_QbzROZQU6-f-3Ew
ZXQvcHVnLnltbA,7rTVqJ2u_Uifq_e0MqYpZw
ZXUvcHVnLnltbA,hvZKcofiDZz3h_ENz3FACw
ZmEvcHVnLnltbA,dQPBsMYuoO1vLv1v3St8bA
ZmkvcHVnLnltbA,HWs2VcKZxR-eBhsUpx1EEg
ZmlsL3B1Zy55bWw,x82tyvdNommawtzTHY_aJg
ZnIvcHVnLnltbA,P_JTzLbm-ptm6YvMRWqY-g
a20vcHVnLnltbA,hcKyvW99e2oGuCAzO1Ta5g
a24vcHVnLnltbA,P-_5cCP-xOBMQl1Rjx4Vig
a28vcHVnLnltbA,3LWreNGqLFiYM-n9_O_CwQ
a2EvcHVnLnltbA,wGMYoO-xyB6wkpS_T4Tr4A
a2svcHVnLnltbA,yEBhMdUgLMZb8f2fm670WQ
aGkvcHVnLnltbA,26oscFf5iUxTq3WTzDVeRw
aHIvcHVnLnltbA,0AXJEKDd5Gmmcd2F3on-bA
aHUvcHVnLnltbA,ujwwbHUD4jl8fWnwWNbH7g
aHkvcHVnLnltbA,BZTyRs1IfwDFnseM9LNWAQ
aWQvcHVnLnltbA,LGy1kWdjxSvws7Wg5-pT_w
aXMvcHVnLnltbA,bBZhZTWOOXjbNPrMK_SSJw
aXQvcHVnLnltbA,LkIFo7t8I3CXQ_eZ2RZYJg
aXcvcHVnLnltbA,kjNNZFNghH15avs1x2NKKw
amEvcHVnLnltbA,XchxYXJi0qRrDFDoKuQscA
anYvcHVnLnltbA,HvXeDmpKsq70viydqc_RIg
b3IvcHVnLnltbA,1kSwPUf3cpO6fxmZ-KVzxg
bG8vcHVnLnltbA,XAHapa1wHOJx5QoDnLP29A
bGIvcHVnLnltbA,3wy8ilps9gQwHt0j58IlCw
bHQvcHVnLnltbA,--NWh0edqZepHSSDCDPWrw
bHYvcHVnLnltbA,21xkitmu-mUy0EWD7T2gCw
bWsvcHVnLnltbA,4JhI4hWY75AGjIPG7QgznA
bXIvcHVnLnltbA,pQTyoF94O7_mHeiJHINwSw
bXMvcHVnLnltbA,TR55KrrrdkoWti6YtW9sZQ
bXQvcHVnLnltbA,ltn4bOOkiFcH1AXl1YKGHw
bXkvcHVnLnltbA,OChUBC9rXxLTtqzt2Fs6Jw
bm8vcHVnLnltbA,1PEn16uTUe6dV1rvJapRAA
bmUvcHVnLnltbA,74kBSdKVc9QyS0he82qUGw
bmwvcHVnLnltbA,W_8K-2LdXcHNM_phz6wtvg
c2QvcHVnLnltbA,mZO6dqmNCtKNLhTzjgP1nA
c2kvcHVnLnltbA,92jvu6rkYVSgyG5Lg42RMw
c2svcHVnLnltbA,D2ppLWGV2P_iKvE91O1BEw
c2wvcHVnLnltbA,B7Ee3Wu87aunJexPDPidHA
c3EvcHVnLnltbA,MBsoUtZj5aOYkXxVbBDTBQ
c3IvcHVnLnltbA,jSIe25XvoZ_78554hcgUtQ
c3YvcHVnLnltbA,SP-PQu-D2DDwPdVibdHSPQ
c3cvcHVnLnltbA,zKIdXhsicPiEiqORbcRW-w
cGwvcHVnLnltbA,h5P9e25t1RXQrjUIJR0jsA
cHQvcHVnLnltbA,BrvI--AGFXnIj80R27iwNg
cm8vcHVnLnltbA,awdviD7S734MkE5YpsHRvQ
cnUvcHVnLnltbA,k2BoUfnoRBDO1m9W-8Z47Q
dGEvcHVnLnltbA,QqutdiZLvJouzcwMDcrrUQ
dGUvcHVnLnltbA,YE4vLHZRbXSCH9A3EbrHIg
dGgvcHVnLnltbA,DN20G9JQtPJHATvhD5aQ0A
dHIvcHVnLnltbA,dOjfudetiI__bxnd3ixGyA
dWsvcHVnLnltbA,nGL_XADwBjxD09CN0JsPOg
dXIvcHVnLnltbA,vNvu4OQ2dBzu7giTecwbwA
dXovcHVnLnltbA,HJRoeRxxsN7zwmL3LHjuqg
dmkvcHVnLnltbA,gDlxp8NH6IbrkQ23tLLKiw
emgtVFcvcHVnLnltbA,wZDcib-EJ0JHTRmewzCZtg
emgvcHVnLnltbA,QxVj2jUHlFjJnxOGEPXjHw