Y2EvanMueW1s,CMVdo91XMhrdjWhUwQ8FUQ
Y2EvcHVnLnltbA,83QKiXzLpZ1l5JFJD6Qz5g
Y2ViL2pzLnltbA,WZFfdKhJwVCu9e5uS030Yw
Y2ViL3B1Zy55bWw,C9T6F8P3wTGuNCFIaECHXA
Y3MvanMueW1s,8Q4X-JlArDJ9x-LSOUawLA
Y3MvcHVnLnltbA,4j2OhHg7e0R2FpjIb2AH4w
Y3kvanMueW1s,zkag3SyjBOaBa0YUQFKN9w
Y3kvcHVnLnltbA,GbJVx3_S8wi26NdbUKJG5Q
YWYvanMueW1s,7vnnmKQKKHzm7u5t1_IrOg
YWYvcHVnLnltbA,G078jZ2rhoHhB2biRv96fA
YXIvanMueW1s,7auMDjpOPIbURWla3ZuELw
YXIvcHVnLnltbA,kUn8SQtXkIs1DQtkOCqD8Q
YXMvanMueW1s,35uvenm6zmnEsLyatmszMw
YXMvcHVnLnltbA,ZpwmKTV2_-OyyPaXQ3oBPQ
YXovanMueW1s,It31Upzd_esOQYBUsXakWQ
YXovcHVnLnltbA,0J9JaCMzVwlq50mrRfmQCw
Ym4vanMueW1s,FMI35dBmBQF5LrDilKId5A
Ym4vcHVnLnltbA,O96lLumaPb5Mh_34BT38ZA
YmUvanMueW1s,a0fySlK6qi7esmJVvxBoUA
YmUvcHVnLnltbA,T9EbOaRewvyXvAmxJD3sBA
YmcvanMueW1s,3PtcUUsG_GAY_DjdPOWoQQ
YmcvcHVnLnltbA,jH6xDhK9ABT0IDcx56zZpg
YnMvanMueW1s,QXhwwvp2g25seNZrBIkkAQ
YnMvcHVnLnltbA,lXmgYQsqQM2yBOYcqHyqcA
Z2wvanMueW1s,jMyRCgm0-pcBmmdd-89DeA
Z2wvcHVnLnltbA,j9K_-S5-Vl_SV6cs7hlPgA
Z3UvanMueW1s,7N9vxusPY9a_2jAJVDphQQ
Z3UvcHVnLnltbA,4RbsAxg9e3_5fYEW-9Jwbw
ZGEvanMueW1s,lWQo5-qGrd66-Sagcj0wqQ
ZGEvcHVnLnltbA,2Oz923BiW2fR947W4ekXDA
ZGUvanMueW1s,wjvUdNpn1tXLGlCmXGOYAg
ZGUvcHVnLnltbA,144O86u3yROcUtSKTvbKAg
ZW4vanMueW1s,0P-jCsAwB5k1BMyelfjsMg
ZW4vcHVnLnltbA,5VHP2D8ZhrXtyZA7VnzP-w
ZWwvanMueW1s,KpZb72L3XRO749TjDXei5A
ZWwvcHVnLnltbA,sSNKI8ghmTbdtlhOxeAzyQ
ZXMvanMueW1s,4W9C9N4BXR_4XYNKTgqU8A
ZXMvcHVnLnltbA,LJXZeZqL1yJ5F8mxVXMl4w
ZXQvanMueW1s,niyK3EPXzuyMeKwn60XeUA
ZXQvcHVnLnltbA,qh9Iy71e1eXDaxbZ7tFo2g
ZXUvanMueW1s,yLU7_lc2EW8wd2p474GBuQ
ZXUvcHVnLnltbA,eJXVWa0m-Nr2Z_HOt_wMFQ
ZmEvanMueW1s,GUF_N5ELhyGzFgxwoYUa6A
ZmEvcHVnLnltbA,j3t4SvXpOYL2S1z2aX5kQQ
ZmkvanMueW1s,KPW0_5bDNrpg88lhNtT-SQ
ZmkvcHVnLnltbA,szT3Ac11LDeoU-dRDPXRhQ
ZmlsL2pzLnltbA,M6vO_UfVuzyTUGV_pElCFQ
ZmlsL3B1Zy55bWw,sXCP26djptWzRz53zGNcdQ
ZnIvanMueW1s,4L3rxTol6c_-9z8RK1urVA
ZnIvcHVnLnltbA,c25njlbv280HCFWLN7YpwA
a20vanMueW1s,VXpbcrzGKSLwfLdKfxhT_Q
a20vcHVnLnltbA,St693qmhUsS3Pl-EtoKlEg
a24vanMueW1s,SaMw671yyR8SzCy0u3_smg
a24vcHVnLnltbA,K3UNq8w7TLUwb-MuPKkK_Q
a28vanMueW1s,7dyu9fH-F0pSWRvURuKEgQ
a28vcHVnLnltbA,ClCDljPzc9bWUeiOtg-s4w
a2EvanMueW1s,iFs_eHGyqtMuSIQvGek9Ag
a2EvcHVnLnltbA,wsUS1XA_KztLXaez0q6h-g
a2svanMueW1s,DJcaz1qzMs1n5n_FCszing
a2svcHVnLnltbA,G1-sx5bKd7xvXOjyUz-tBA
aGkvanMueW1s,O6kLVW5b2sZ2KSJHAxy5Ew
aGkvcHVnLnltbA,TvP-Z_VekGgTOsEPoeaI8g
aHIvanMueW1s,VtwK4GN2UZwnkSt2kv709g
aHIvcHVnLnltbA,y1PPvdxN-Fd_DuQ-piXNOg
aHUvanMueW1s,iM5XEAUO5ES36vaJGocjDg
aHUvcHVnLnltbA,mKC7kQhtLH8iWqim9iyAdw
aHkvanMueW1s,9HqmEjOlvMWf18LyFDIG8Q
aHkvcHVnLnltbA,TPLgrvQ5AF-dba9fqEkTmg
aWQvanMueW1s,glKabVgsW3gABCp9lviTXg
aWQvcHVnLnltbA,ClV2FCVIDSdniaTp6iLQOA
aXMvanMueW1s,wZUD35pzgAY9msVKKFSb7Q
aXMvcHVnLnltbA,uJfPcKHWKpuFkFoje9_jzQ
aXQvanMueW1s,tPjbJPSkfpMQjrbrfzDPaw
aXQvcHVnLnltbA,oL_FKh7-Vo4Bgpf6J8KTYQ
aXcvanMueW1s,mZHf8VUsnY0QbnQIh2DqsQ
aXcvcHVnLnltbA,bfHArJK6jaICY_S_md57Sw
amEvanMueW1s,BECTxedOSUO2ZplgBd7W1A
amEvcHVnLnltbA,AtaLOWmF8HjSgF4WCaOkNg
anYvanMueW1s,-1jNVTONsP0O1yWUHcCBXg
anYvcHVnLnltbA,13yo3Q4emyhzaOr3w9_rUw
b3IvanMueW1s,OYvFPMJoMet27jbXMXay7w
b3IvcHVnLnltbA,hXVYJk60UtCIKYZJidkk3Q
bG8vanMueW1s,5fF1DHh48EhChFOwouQ0iw
bG8vcHVnLnltbA,YrHjU_GMCcCMNm0edth6BQ
bGIvanMueW1s,IqR5ttLvsroxX0hE5zyGyQ
bGIvcHVnLnltbA,XtmYEwPCplrkzwm3b1thhQ
bHQvanMueW1s,SA8M4-DBB1u4CDD53z79zg
bHQvcHVnLnltbA,8cT622JFV70CvDnhppdGNg
bHYvanMueW1s,xnkBl-SQJ-Mvll9JO2dneA
bHYvcHVnLnltbA,0ngtILS9nWs0BWZK1181TQ
bWsvanMueW1s,cdAVwnMUdoDZgMPI0wGeAQ
bWsvcHVnLnltbA,WvY8gaLc03M-amDJl9cF4A
bXIvanMueW1s,-gBp-YDSri0wk0uVxsW6WA
bXIvcHVnLnltbA,EIwoMKLNJhFqkr4s-Z7aMA
bXMvanMueW1s,KmjvYbMl2QoxiS8oFAN8_A
bXMvcHVnLnltbA,Jn3eohKPOMEBFfTBIo5Yww
bXQvanMueW1s,2EbAjuoH7AFVFmCbJxUOYQ
bXQvcHVnLnltbA,_5CFU5EUCjYRm6GnT1fvPQ
bXkvanMueW1s,yiCImznAhRvYfBlNqnUGbg
bXkvcHVnLnltbA,sclNWlp4cF-PBlHF8Fo9Kw
bm8vanMueW1s,7Ed6FlP6rlMxxgNWQaYVcw
bm8vcHVnLnltbA,TkEeVtR4BGVx0XALzRWrGg
bmUvanMueW1s,VXZpCnhEqizjWdZE1zk7cg
bmUvcHVnLnltbA,4myKQaLJZ0bMg4cpJyU9zw
bmwvanMueW1s,tDW39-By9YyricpSs-Qc7w
bmwvcHVnLnltbA,2bf3ERBWbN5md2HGf63DAw
c2QvanMueW1s,p-tFmBszGDFU1ctT7ZGVzg
c2QvcHVnLnltbA,_-C8dTau8WzvJZe1V-FXbQ
c2kvanMueW1s,3GJU3PshmkJLGvT9Vt0MCQ
c2kvcHVnLnltbA,VDGBbiojB6s7VmD8y8obFA
c2svanMueW1s,WsJb3koSsA_1Le7N-3IHrw
c2svcHVnLnltbA,9MAOhYmtAp_7tZ4SqYSV0g
c2wvanMueW1s,r2OQ-QG1esDAtCWlecon1Q
c2wvcHVnLnltbA,2ZlVwN1hswPAIna1dWDzdg
c3EvanMueW1s,2HDA6MIGCYTsyGGY39grSA
c3EvcHVnLnltbA,33n95RyPpVLjnl0MbX1-xQ
c3IvanMueW1s,9XJzmeuIrU0dKTA2N9Yx6g
c3IvcHVnLnltbA,G_sGZIPH7oeCy4auYihD6w
c3YvanMueW1s,mtn4Ixlxgnrv9Dz90eBRQA
c3YvcHVnLnltbA,Ra53Z9nvdfKgHHT69kLp8w
c3cvanMueW1s,8LKxtK1R1BCiVgCgX-nZYw
c3cvcHVnLnltbA,E5VKus5cQgvEOBJE5tv_zw
cGwvanMueW1s,bAawYGeLLr2LKc50loAONw
cGwvcHVnLnltbA,8mFxnDToAp0gR1SemlohHw
cHQvanMueW1s,VHpsPS2T2nMJ_Rs7bqbqpg
cHQvcHVnLnltbA,HutSDMrvtvVMcpGakwnzIQ
cm8vanMueW1s,zbo_olPSgo0KuNo2A9U_qQ
cm8vcHVnLnltbA,IExSoBvZ_JEqwO7VdWvM8w
cnUvanMueW1s,nJ0_5pTK706ESOolQ6GMbQ
cnUvcHVnLnltbA,qHEAvTb324Zzl92qTeF_Zw
dGEvanMueW1s,CgfnxA8UCHGn4I5TLo5eLQ
dGEvcHVnLnltbA,pmGkebmHMqNZZNExv1LljA
dGUvanMueW1s,uzODCtGsJl2YIiXFGJh2-w
dGUvcHVnLnltbA,L8W52exsOervA_dpFnXOPw
dGgvanMueW1s,r1V7qYBHz4o0GV22kwZMBg
dGgvcHVnLnltbA,cp4kvGKrxL83p0a4bx1AZw
dHIvanMueW1s,vk0ukWCNNzR7DxTgZuSMvQ
dHIvcHVnLnltbA,UgQpYd_uY4b-C-A6rlUs1A
dWsvanMueW1s,7TltgOktRJO9x2PM94RiCA
dWsvcHVnLnltbA,wHdxBn5Jng5j3tKRXya_iQ
dXIvanMueW1s,mAAFGaimdi5rIbChQze6EQ
dXIvcHVnLnltbA,5ThDdnDlGqqXzXuZHHK0Rg
dXovanMueW1s,zZEAkrgXyTW0-kB7AoRYnA
dXovcHVnLnltbA,qTwRU1_fOtmbFmnF_QWJxg
dmkvanMueW1s,ndPQXTZ3j5I4B_GQUODmlQ
dmkvcHVnLnltbA,iSxgZVnPTl4x7LVW5uvMVw
emgtVFcvanMueW1s,KQJL1M1R_lDShRtyEnh2gA
emgtVFcvcHVnLnltbA,2O6CUz-CPMyBmkUaNsnoHg
emgvanMueW1s,dyX-hgh8li-gmEgf_m0B3A
emgvcHVnLnltbA,Y2_L-N5rRIKpWGbf2d_wvw