fr/pug.yml,1388
en/pug.yml,1388
ja/pug.yml,1388
it/pug.yml,1388
de/pug.yml,1388
hi/pug.yml,1388
id/pug.yml,1388
ru/pug.yml,1388
zh-TW/pug.yml,1388
tr/pug.yml,1388
sv/pug.yml,1388
ko/pug.yml,1388
ar/pug.yml,1388
pl/pug.yml,1388
bn/pug.yml,1388
vi/pug.yml,1388
nl/pug.yml,1388
no/pug.yml,1388
ceb/pug.yml,1388
ms/pug.yml,1388
th/pug.yml,1388
fa/pug.yml,1388
af/pug.yml,1388
da/pug.yml,1388
es/pug.yml,1388
cs/pug.yml,1388
mr/pug.yml,1388
ur/pug.yml,1388
ca/pug.yml,1388
ta/pug.yml,1388
fi/pug.yml,1388
ro/pug.yml,1388
pt/pug.yml,1388
kk/pug.yml,1388
el/pug.yml,1388
kn/pug.yml,1388
gu/pug.yml,1388
cy/pug.yml,1388
sk/pug.yml,1388
hu/pug.yml,1388
uk/pug.yml,1388
eu/pug.yml,1388
bg/pug.yml,1388
lb/pug.yml,1388
az/pug.yml,1388
te/pug.yml,1388
lt/pug.yml,1388
si/pug.yml,1388
hr/pug.yml,1388
sw/pug.yml,1388
gl/pug.yml,1388
sr/pug.yml,1388
or/pug.yml,1388
be/pug.yml,1388
my/pug.yml,1388
lv/pug.yml,1388
sd/pug.yml,1388
bs/pug.yml,1388
as/pug.yml,1388
km/pug.yml,1388
ne/pug.yml,1388
ka/pug.yml,1388
sl/pug.yml,1388
is/pug.yml,1388
mt/pug.yml,1388
et/pug.yml,1388
iw/pug.yml,1388
hy/pug.yml,1388
uz/pug.yml,1388
sq/pug.yml,1388
lo/pug.yml,1388
fil/pug.yml,1388
mk/pug.yml,1388
jv/pug.yml,1388