-Kd0OXaMFBWeSyWn0Ds6Sw,vu1Ozg7UzkKl4wV0Txe_CA
-Q97MsburqEl7BZWdQoAAw,5B87XlVCXhyQM24Pbvp9gg
-SMkZ8TJClCXZ_6X8lsqcw,cqRqsmZ2tFYmZ-gHDzT2SQ
-lDQkm3ZqF8bS9l93nE9ww,qDdCxqkeck6KTdE2B1AwNg
-qXhP9I0nHpG1HGZS8FVBA,khKx9k0TG6PhNq7-BjNW-Q
0288oP9iJHrtj5qLpRy2sw,aEgNMcveuy952l_vxsRgtw
0SiUWe-GuHW52SAruQjCnA,qps2JDgqNEwcqty7FSBcCA
0UxGkosFtc54OIo-S1yqvg,KbseZWxVsF8GUpL6I7qdwg
0WGyKPWUnYwWdIKVWM7wrw,rF6TO6sSZbC2a2jsmm3YuA
0ZmEq8ILghrvIQwwrqCPMQ,GZZu0WUYOqgJfeA2zbnD5Q
0yGto0H65SOE03hWHXrI0g,jhMIPJcyesq8MhGWXtWK-A
0zyTBhHMsZMcKzdU1HjeyQ,2NAsA0_--5WasiVLWsf_bQ
15Z7jgeZzmMu_B2Wf6oW9A,hp6oCl9a8vH1GfUcc6ynrw
1Puwt3zdXwLoHymnzEE8TA,4nsZb6udpif9d2ek3hVj9Q
1j7DB_mTQldl6Qp0rSCOVQ,bauTibhfrusNLzwSYCwJmg
1udNMAkHltiNhOWhOVwA_Q,UiG-jqg96SbU_nkrZxmnMg
2EIE2Xyagp639qVk8AQStA,nlXCnyxpi9LwMqEn4vsK2g
2MPP23T0MUpVj5PPOqpxzg,OT2KyCMyqb0XUuDg3sbZiQ
2TDXpcTaHuVre3KQe3NIow,YbA-hF31IjvASx_muZKWVw
2WojKeZGjtP6oAW0rNlHyQ,T6qQjAHeqQPmKX39VYV59w
2eqiUom_7IQ5T_3J-lyuBA,1XecOdriMWeT0L3RiJxLlg
2jFIxjqFqsrgPoulnL3xoA,o5_f5Omld-VUULD6ocuC-A
2vFffQu_vEP2jJPmpMH0aQ,5QxZZl6bqpbi--EJkJzkHA
30znV0dSJzV7vToXy_3yVQ,c5d8exu4vQtM_mO7J5rPPg
3NzaZAmwbqUZHl0Yo0f7tg,eUgRgzQUCUg0sWWL6VCEJQ
3Qa7M_Necfc-1F5gbspkHA,CkNBcrE7ZpenIogVD9rmsA
3RmzhKFCaM2_mSYXJhYQbw,5Z-xmnltv1OcuvhSP8R79g
3dlrHiPGhxk4U4e7JvXc-A,20bn6mnpDnGgKRIiNU0Tag
3fZpLFWiMUglc0R9yXAnKQ,cLH02yfZCgLK1E8kvsRMNA
3mV1GlWSFX2azHAePZCtPQ,u4tDyJrp9O75lJI9X7l4nw
3uTmi6USFhshQxF6Ro8jkg,EMFFtrGxr-qMaiO6W_RUgg
3xLXTL5T_6tJnplht3o5mg,KOir-GUo_gl_fAA2vlPK8w
48ncos_MDnUauTuCLthcMw,MksNuvORhZb5pLRhk0F4VQ
4A6JzJ686K6jNBC5XToykA,2SBCOgPiBQTGvQZRWr_P7A
4ACnFE186-YkcAoRlqWarw,09Ds08ZP-TyVKCeyJmvptQ
4NDrRuWIj1E6Ti4h0y2s2w,f4Otvu01h4wtneMjT2G9ZA
4lQhY6i-5sJUP6GRuUSY9A,K3lnSaDKY7UHncGAEWsGmQ
5DfLgMiWp6nyNMV9PuKxiQ,_ebmTSjWUkxKws-p3lYNtQ
5_K4gKmR_2-Ok8BvpnULeg,8Z8QfserCc4mekF0shbHLQ
5rZ15zfuFJbMYKMx75Brxw,jfZL9Ar1th6Taz_oOsk5wA
5sJBGp10jdF84r24uKE9pQ,GTT0VizAcNS7h8ycCYMUZQ
6QVdKQxEFOPf2dmIMkmh3A,hc9ZZrsMEofMUww6l8Fusg
6dvGPZCfPZDCwohc_Ev2IA,2fINcCTGiOG-JhLEbhdAyg
6k1p7QZf1vCiNZal7FwPIw,6Touz0R6HT71Ribx7LHNsQ
6qQdPCsib0eMn0xZUh_5WQ,t15s14KeYyzDjRBFugYcbw
6x7oQCpXrLQ1WizDPZgpcw,kprXPwq6TJEVNNRLkaSBgQ
6yL0rp-1U9jB-vVrj-gQqg,S-69tvy9jUIvCy2VzcVOcw
7Lomdfk7Z83qUPywYL3yqQ,RjQL7mledoHKfEKqVcxpuA
7NrBxHNtRWIY3y4hiOlcxQ,2vEh59ASf_E-atG3t_YFrw
7fcYC256lpBXb8qeEI37cQ,ytkQ03CzoFjaWZ5UB7SDFQ
7mdKOjMoN7HWHgeAdVl13Q,aZvi-Jg04QP6cDV3KpgP8A
7y0CN9AXdEo-4irnU7zZZA,QXIobgNg6KLhxhrx_bHa6g
87eGdQulGP3Mc-AOHAmseg,rM-gF6YzrhPl6EukOXSEkw
8AH3wOcKuoP0KdqJBOzRuQ,rWrQrM7Ra0pGSHpANZLlDw
8BNb2esAGwP9NFeZzALI6g,U4c_xinwRE_CzFr532aKqQ
8BiBE_dF6MTs9BL2GOtzbg,aKYTqPNNNx_gqDqSYcCp1g
8G3-OmKcQ3PRJjBJBAKm-g,5d7lIXr2t5Mv2o4MyjLsww
8H5uDBd5HLHFUGvXXLmyJg,SaLl6d42wcEhVAodwF--WA
8btmYIGlPWFIhsgdKKE_TA,c_AeVm2HbrJbA7xdMmOdZA
8yEQsOTY6XPnXdv4YvMpsA,CzpgV4v8AAzPksYOaghJog
8zNOB4iB-zZqgSOtw8ye9w,VdnhdYvqYEAhMXzDFW39DA
9JoYeteGZRPy3xJpqnt9zQ,S4Rfv9bjzRA2DN7DGFOBqw
9Lemv9OK8pQu8YhNcfzE4w,3Bl9HzT5Zu6M42CAsis2kA
9NNJXH8hC-IkbUbd5OxG3g,fMpoj4y0tc6XDoE3gUt6Ww
9cUwp9HzC4jp3LevlexLrg,SnHTbkLZ672njsfQzIsQpQ
9qozKSJkhuSUKGUv53Tkzw,CeeKgCtkaIB7MAPLiorjUg
A7-YZq6gbXp-EtS7g_N9mA,neBrlOzmRZOZrEByuZmLzA
A76sb1mOlyqc7WCefweRUQ,LpJas2-wimEUm54hMGyr1Q
AA4UVRlz629NLvagu0CWVQ,tIvYaF64sIXfMygv7NSdbQ
ARv4Q5KkvAbQDTPB-8h1cA,WF4zjfhJEahD0m5-Vr73GQ
AY5yCG3xbG65LJL6HOsfSg,CmMhV8YYc-bp85jWFS0BZw
AoiycAXjW656IEjtMlaXJQ,haFzofBdrShM3E5NGwt_xg
ArJHTxRkA31gwDkOcCiF_A,8Kqyzx1yjwpCey8HPnTMUw
ArjNu8H9BUUGv7DFD412IQ,4rDqPG8Ap9IJRcYbfSh0mg
AtWTYBZp0JmRoYAHlhCbVQ,o6bfjhLAq-j0r0KKbeBbxQ
B412UWXw_eKQYi6TVHV2gg,Jb8pEVd7irY1JgMh1rAMaw
B4gAh6C1LPtn6rXHMchZUg,L2FX9dQUiRpzomYxOJMBJQ
BUyzeeMzSq20Dlthhtn-YA,7N-nCaYcsrhotbFeCEFntg
Bignto9VeAJ_qvaOHD-i9Q,uMF13ewRXhritoiM0BaxDQ
BwsRG9M8hyCNc1fssv_13w,E9L_WRzAzdNH3kY31u-JmA
C4F8IJSngNWTKneFYRnh0Q,sxAvmsGQn1dkZfEyzAoWKw
CIxBrg_1ucEGAGwpsD9VYw,vm2zKIU1u6O0EOmwFgwrNQ
CM30cPQ9lrMq4Ll5VNsgQw,g3Alieb2Ljb5aotyDGTNqA
CV7iZCY56izzT-ADAxpxHg,DZZ9SaUHI5fpyDyniULBjA
CeGC8q6Mgx8Rtls65jD7pw,TUPacCA_ySbEaM8xkaKcsw
Cm9LJw0X106ArTGnwq9jPw,lPNWj501iUoNLfZZvUz0vw
Ctanc2NxIr66tqOEuo30PQ,F2Mw66NFzQDPFTUnKJEkOw
CtvFWZe2KOecKiMcNtTLJg,D4tUI9_unQ1b9JP-A5TU3A
CuqHPx3N31AEdpQ3o2XIzA,tCGDnQ8H8VgH4uP7erekQA
DBVvAZ4BeiwKWZQA9BjA8g,xHVPbermYAEX-p6R0LmzXA
DMFQ9zYYnlW2FW-hGocFMA,3KhwUQUwLiBpI2ya1TI1jw
DNMExoFFUrmipHDOSkrtEA,Tap0Za78KhtGuXYaFVktlA
DTXMoD4XZT3YqYUYT-lL3A,hZ5FTwqb6uTc1BF_fnNCGA
DW47PWxXeE_vs8Sm-le30A,pQH5jx0ClD478-AsxZJbsw
DgYE-oEoVkexe8pYRudMyA,bHmWa8YKuuZSAHJI4VVpdg
Dk5mL7J7o6euHiIJNxlq8Q,8eM_XfLeDFgp1E2R3q44LQ
DtrlbaSRmuV39AHMTtMEeg,6wiM98W94vh472NKYyGkXw
DvXw1aTNtg64gPdiipxkMg,tI3cgAo4vCN3TKILNwE5IA
DyQ15lfFgi8Xxn1fF3cZKw,OIa8Za-oamMZZJ7fC76tqQ
EBxC_tkJzpBxCeyNXXA6Zg,4nYiSwF9yCJAAc446XQsBA
EHpdEV0sT87cOOBEPdn-Wg,aCwXO8oZooI8Ymq3xUW0qg
EKpHfkhivjSsnFqmt1qfOA,I9s2etQcHeMZ5GThzaZmvg
ETO04xCNwzh__4BAnEVmpg,KqQg4OizsPe0TEXJ8ntXJA
Edd7BBKrw-7U4qPLIHAOYA,3dD16oN2OUpjUALgcOc5cQ
EoA2-tMuRYTfOuauY2cHHQ,HqRznBf4SusjhpVwNOSOSg
Erczv-pne3xr4iHgEq_1yg,OQlr70bs8OxYokmvj08vxg
F2sHYBWoezOM8V5al3JlQw,ceTNLcuArDsmwx89kxKdXw
F8Nrp9wFRgrk4w6_Esi9dg,SfQtlgwDq2biThdIGdzYlg
FRWlexj4eLTd5brzv6Hzqw,O2_-n92h5FeXMrqabcghHA
Fp-SfFQUZ_6RkHkVfohCng,rA2zmjeMP2D4AgB6FPWuCg
G5hzd1MO0u4biUTH7gsIQg,W4-unO3XKbMxwLDEPkVk1g
G6ipfhKrUKV6kMs1XLGL8w,ocWC3_2K0nHZzZoth2aCXw
GFf8izl3rV4vKjlVN9pttg,-FJJkWn2i4gDDwc20vm_cA
GLq6NrijZRk2tXZHSLC5eg,Ewdoqx7Wna-GtJC2bwnyMA
GTBqXdXaioL_lLCN8-JAGA,CeZ49Tu1u2GmuSiNZZBCvQ
GTE4rzgYPkgGp-t4zYozmg,hnFq6af4i8bZ5osX_Y0mqQ
GVjc-FdqPWLj6jWCqN4sXw,Wn-2iYBYjdSHouEJH3nHMQ
GxOZNGSBj3CDcBlr9aFgAw,dUoMi925-5EgAt6nR3fGYQ
H2b1rcom46T9NQTvvQzXPg,A7vnZdjlgwVHDMABB2Y-UA
HHE2qf677jpWArf9nqyoMA,gO7vPoZtbPvTSh0X_mqNkA
HPtTkO8LBUKePA-9B1LZAg,Ru_iuOR6GjhwYfRkGR_8Qw
HXHP3H-OujEuSgUqgSObdg,N0Sg6pCo3UgTIFgmImMG9Q
HcE6JUGhmkF5JySfHK1M7Q,djibGfszkRfij_q8eFc3ow
HnJb-NXcp-FK-o9B9VlmUg,0hqg4S2dsmQGkdfEZcPmnA
HqpQBv9sJ7g9YvlCvtHGaQ,Kx0yRrIU_zQuyWcW_W5IJA
Hs1V05CtnsJoIqStaz5vvg,WpWjEqjxEsb6a6ukjB9LKQ
I4pBJM0OEt6ssV4e6GHBsw,9BINnt8RUXtVk3aHgH86sQ
I59BZQozvIRGImCmdXA1cA,wHsTRzaQRlAFZzln-_D-hw
IMJvRPPYzWS71fKf75ZLDQ,-sYP-YI_5flf8UIdR4nWTA
IbIMygjby4-mxBhlChewcQ,tJ_dswbhjBRmpkHdvt6hoA
Iq0j53OvN32H4yUj1fIRow,521SBsK3h4K9uxFDpQcisQ
Ixe2SaJZGRKCFTzDNJFTJA,qaXchQX2rMh8PYq7iCQOfw
J4lgYqsX-hxS3kngQS8ZJA,i9YsRpz5JcS_zgQ-NlNZBQ
J5HCgNgE2SOT8Enzbp_I7Q,aBrq30LuMPkLCk9grq137A
JG61oujyeX8afKOL88osPg,R7CH324WRvrhA7qXOJpIXQ
JIzBLBnN8g40pzzEuHwEFQ,9nP0W8aDPGl5Z9qMxtLyeg
JJtmOBlIHbCW7K0q5sFsAg,2rd66jfBsoVTr0IIodLB-g
JbKIJpAGiye8T_7CHVg_2g,Zxpe97bPBDiE7sMRmcflRQ
JnTWGMgi5hBXWrfAhxl06Q,KaA8WEkbcKhFXGLCZA8X7g
JstZMK85jAVfyyx_g0vFZQ,N9AxNoOBKxmNiFrcyU_eNg
Jx8P_TmZFGX_5GEv8pVIqg,ao-dMhpTmlejy5oaPk86kQ
K-K1PBHQVSxSgbNc1FLPvg,zVE9dZ0HEksKvxvzX75tPg
KVoF4zCJjEuvIxNmoOKkNA,oHfUvR8xuqULP82PTe7dJg
KzyTIe93qwD-2jkFIP8P8w,sAiJ0rP5wbCkrFOuIvsm-A
LSt5Fkn4QgbY5-Z-A8KB_Q,CNk_48xXPoqXjcEXN61Qzg
LTTc1mdf-OS3knp1Ym00cw,Ux1iFsvIVJK_Pb2aFlKRIQ
LZDX6PAJhWo59EyUpvH3ig,1mG0S3eLOCjUs-YSdV20YA
LeU5IOyhDY2uCRYZ-3fRvg,Ktrp91CWtIxevaHCiX7S4g
M8qqQjeV3-FDEljHt7haCA,hKtUACSxhkseU9N8cpLmGQ
MIeIxci-3vLHf5RNiiJm7Q,X1Xv5MSB8e1F-kBdrU7cVg
MW7h8er8LzJFSzZkQAHryg,C9_qn_NlfxXFN14uNnDFag
MYXqF2GhI3pAdPYTxlMLaQ,vIoxgjKFJETp81wLN0yDPA
MmTFVTtLMbMBm1l6PXw0VA,GKh6adJXLkyqgtlNJV1UZA
Mr1zFuRUTAC8aobP3bSDAA,TxeHvSF7EugavLquJ7xAtg
N3pRaG-GDcCZsoBeXbZVJA,MT6qOtwC5H2MI_eSO7DZvw
N76qVQRatE-Y4dV58-jtoA,QynvtoSZzyyBLiIvJQuFuA
NG13_2hJaDniUNTrt2syKQ,iJhyl3-SmROsB5aAbIXwUA
NQMRKnrBvW5tMDl7pjSXjw,dx1EaXX7XeNiovfX6KvbAw
NcbULPwHa96RtGD09MvecQ,ij1Z8Xsgomfp_oD_z0ybuA
NccPCIGF5r6PpFE-wXU1LA,SFyjRiybxjuhmFb3Eb7AkA
NijA7nNCFvfiqQc2lL7WLQ,vTnuZDLphLqbgUfJ4PLxKQ
NjiI_YpWJsRQ2s5QXNyfpQ,pGHPYObMG9g913pZInhKSw
Nsxu0Zj-gzp5bNxv5KD0vw,zMJyrmIO-ltwA5zkZZd4IQ
OARtB81ujmdQ0o8oh5gwIg,8Cbj4a6XLkyUUzLqJWLTiw
OSxnIRkuUibn1-BEzKYAZw,u3BIm4BK0_BnCQzlzpppdA
OemuVbbkEy8iE6Hr6EZHsQ,zJ8a8BU2yahGmhge11jFUA
OfxrhgIX0IiIGf1L4G5l0A,n5dg72NXHFWnpGEl5-W36w
OtiSSdoNVSb3UV8d4OWz9g,UM_f7l8fm147zrPF4YRpqA
P2kpkoRKFKjeGHGm4m8Z0g,0n0cLf-9LSCoJjhfVpLipQ
P5rqYUDYD29Cv44m6qx7dQ,WHMHBq5zLi72a2MX5paFlw
PCZSRGWAOaU1WFw8jSblAA,CM2tOpvyYV-F1vLndIq1tA
PDwI0hnvNXQVEyXKNEcMBw,7FEoHYFwJCGjDUUO5d_fYQ
PG7-mHcy8CubFH7UjoqEjA,iOXZ7Vluu-rFXWjCyZckAw
PLbSKVFeLzKbyq6LpW9E4g,TmRSYLjKIS8X6HLPl9MpUg
PXKoLKvJPelqSR8MKVcAtg,I50SY0xmW9PJJKRpfULPeg
P_aF0t1TYtJtxlNr2nUIeA,Dy6jTHZsle_QS39ROzghzQ
PoBA7NmL4eh8CbCJrdfU4w,5CkS1rOuzflYrWh2CETmNg
Poz7pFKlWp5664Kbt6bmzA,8IwZDdGf9BRv-0XLNmZhrw
Ps1-4YiqVk6-hiGUPM6tEw,vEHtH4n-q4ML58aQg94s2A
Q4paNOfA9vS6779XzcV1FA,EUSZszieoqAr_p0NIQQ_mw
Q5Ob1ASEw-U-VX-vIRLDTg,ly5n6lWc3VSqLONok9PQRw
Q8V-nyHBU62N_6NoqPlqmQ,bxnCkMb012JvzGKLysT7_Q
QHRE1btlpmEtnKuwlB1VVQ,hPxyVieqwQ72WYf6zL7Ezw
QMcGkrMyhngSvtBDCWeVgA,sMvjD20p01-LBozUchLgHA
QQDEPKximki0Y5FavnssZQ,200EIqMZrxOPhJZAKmNLiA
QXYsO8aaHr6fexYJWspCaA,cg8Nory-pv6dDlku8bgmTA
Qw4LxQXMKgEDF2MARI5wMw,dErYymmk6hKieecCx1BaLQ
RCvjju0LO8RRh3pU032O3g,UUBZnJ7YZJwDsl1zuD32MQ
RPO_I3hbZWoFOj0zB6Hsgw,Ru_ozQiE9Qx2hhccM5717g
RXqxdi9uruC3b-wCyTwvdg,TZu-VKLAcOkXzFI4b8cCjw
RaqxnGQqJlvX243J6IKWtg,AzmMgeYnH3F4r2qc9PKhZw
Rb0ymHevn6S0K2ResWUNlg,YZ6__h3Zgn5i89F0E4QURQ
RlNeiayBY-9KDL6vgqhu6g,BcAtVuoJGYM0LSYhaLGmFQ
RmCiVovUoSQVS8l-KkjW9w,qPOnHli0zR9ETY7jxN_3lg
RrKZmJO67ysm0YZUEJHN_Q,NNc35FewZyeFJsw9sgflew
Rv1oPfQRbDYzUGkWPI4L5A,bbvAW_0USMLUAbNdaj5_8g
RwjCJyYmYKDJQMfNQ2AEGA,9Bkqbme9r0jIz_Yak2vrKA
Rz4yTJdp8ZLBUJFarMRK3g,IIqK0SG8KPNoyiGbSJrRoQ
S3zeJI0nWvw0N0nLBAJ4WA,Qku-DH6ELiPeH7ELGgTpyw
SCGYXTaZuwbv3fN2OvNQ-A,NfPGec-UP2iMV9n83s9Hmg
SVOHfbxolbvfm4O7URPDAw,1MdZp349XRmcY8OuFPOVZQ
Sna0zbTVuR2SIxCDybleBw,u0yTM8GwgkaGseRF-q1Bww
SxcDU8RgKVSn73el_Xz--A,E23c4x8dDFMS_G4y_tr0-w
TH6t2fZd8YVfLBPqx-56Pg,B-EW_5SbtCWK3kBz-GTRHA
TYLiV7yGFcX-aFVFRNlJ-g,_vPxNhTPEKekw_RtKTpdjg
T_RookejhnkCSQVMEewbFg,FdkdcqhQE9321uuXzN2LhQ
TuSD5yKVD4Mg64_Q8fE2WA,hWPyrTGOnCfeNUtlIM42Jw
UQWFRm1fPvVzL1vymyavDg,BKLg0DW9eiwc2ZCo9u5hpA
URB-2wr7_YAiDw1n5nABGw,NBzDU_oxX0agdG3KjtBphA
UXvFBACpEeGylY5jyfvs8g,xrczXRco-dmnJA57_5_Mvw
UgBq0DVnTvraDHebqoBS2A,MnHBFENBDyMws1fIcghQEQ
UiTDCUV7u4hMiXKJFooHpA,9HRNY06tSxWc_MwpfKLVtw
UnimrIM6vlR0Ujq7ECevDQ,1E4AIzgZtbI7VMH3vBLFUQ
UsSgFl2raNUHJsGf-iOO2g,7oSRG1jxyaeOVNQ7TfStrg
UxJxkGuL3nkQR7nMoYaGNQ,NlJ3ouHFmNIoVIFjanOeKQ
V08r8Iw2xflspNB5SQ-3Cw,kLOB-_sfJ2yFm8c-jtpvyw
V9VkyirVN0CQrHOV9ILlWA,Y2a2-ED3J4Kv69gAG9B0ZQ
VAhHOU6SrJNgqxwhTHzgkA,ei0dY6iMxsTaCdbGcbmFqA
VGa2_pheesZ_3BPRlYf5Mw,QOL4yXD0Rx2I5CU9ohpJMQ
VRqolUlUX1cF_cj1FR-maQ,6k8DzzavnnM0uieWE9R9gQ
VaOZuW16a2pyi45IzXk9sw,-l_yR9M5P_r8tuN7xx6yMg
VmGdPZk5UZiDgj_tUDL_lA,z6prg2ZrcIqUIJHjuYCjNg
VpckadecKbenQLDAqAsGbQ,Roe9SfUz8YM5I5Qxd-ggwQ
Vq5Bu8kzCUkVhjbSm_nXVA,v6g379hkjE2lNZrvRpQGhA
VyrPNJPDSuLDIWAE5MbZrQ,9M2cS-S155GTtsDO1cctKQ
VzrwYqrY4nZcqrda0GiYmQ,bn0Blg3giRjM7IgYlUuyAg
WBDciWdMOejGoJMEIXg2ZA,6W7rsAp6O8kXtzO33jP1Iw
WEMiKYtBbe-HQGh24tPh6Q,z1T56xggnIeugZInqbg1iA
WO5IpCeg-Kf46tP_1TOaBQ,KwMzSjZ16aVeeCcyatIJzA
W_AvdOdxVTMoWIqb-SBayQ,yQbr68Bg2hSXGzJcpMQtTw
WcOmukJ8Ip1xrlqtLuEPFg,V5f8eQ8XlFEznycJ3vmAaw
WgUAlVjPiy8u0FVN0z3yhQ,uVK6AbrWS8dkkzzGpGG6sQ
WmabLpcH0mxBpoEAlJryRw,KUzvZZ-62nvKtrG3l_L-Mg
WqDQFEZhqDo5bN0zhhQUyQ,5Lfd1dksRkCxsip9yt_oXA
WvxbJ5fdPGnMLxWPhxbicg,q9BHTEBcp2K8fRzeUul6eQ
Ww_QS5aBGdoyyuDmEB-riA,OwK1zYsaKkjGbwsCQzQAAw
WzO5kKogAFl_WTxJq5p-fw,kt9c28499Aae3NRwm-yZDw
X8BCAvCflIrKuY4qc6IGew,ZAv5oV67zW5QzvL3miTBzQ
XEbCrYQpLzWY9ucKHOGEwQ,TPI1tQ3A5Enzh-YYyLbOVA
XJYMRjqicH0GW2c7uJ_jGA,QfeZR3sNqC16FfeOM6aKEQ
XMi0CLYb9Aco_fSNvUfcMw,QdDQyFNAo_-9SCqG3lTuhw
XOdEfxgJXbHc4iJfTMwKuw,65hoAjNc2Kivu9HU2Lxv2g
XcbeC5KKgknCVZAlZUBYVQ,Z9alSZUfYZTmeJbhA0ppUg
Xov8zYIU2EmCRYP_FOBjtw,VQw37LyjAL_IDbK7_ATfBw
Xz-TQV_iSDHODtn0ivuHaQ,-WjkHueqSUX-xJgjx8M4bg
Y2EvQUdFTlRTLm1k,uEIECmTQRCA-bEEwPrL4rA
Y2Evd2ViYy9TS0lMTC5tZA,uMD-bxJTG1PrzjSFQLkztg
Y2Evd2ViYy9kYmcubWQ,uB0kvYCK07-KZ7HTnUrvsQ
Y2Evd2ViYy9kZW1vLm1k,6CHBFITdT4mCwbwAGmctTA
Y2Evd2ViYy9pMThuLm1k,Rzz9mW6BPQCKrMh6iDBf-g
Y2Evd2ViYy9qcy5tZA,cOj5zC-Wqj9Ii6-4b65Law
Y2Evd2ViYy9zdHlsLm1k,FGuPJr-JvunsGYl7Q2p2cA
Y2ViL0FHRU5UUy5tZA,H4fpAJr-cWmOFTDmzL056A
Y2ViL3dlYmMvZGJnLm1k,I3nhg8aJCEjvVDossY88Dg
Y2ViL3dlYmMvZGVtby5tZA,Esq81PVvaKKrsTZ779Rfwg
Y2ViL3dlYmMvaTE4bi5tZA,Yue1TAbL6ZzV2NxL6x_y-w
Y2ViL3dlYmMvanMubWQ,mT8r6xY0fV5ZHnnyv3rYnA
Y2ViL3dlYmMvc3R5bC5tZA,qi5J5LZr6piQbfzs3QwXew
Y3MvQUdFTlRTLm1k,g3eoGgRruezHhwpF-ZX0yw
Y3Mvd2ViYy9TS0lMTC5tZA,0EQWnX51qKEioCAC8KLe9w
Y3Mvd2ViYy9kYmcubWQ,riwyS9Oh_3pZPD9SqZFwlA
Y3Mvd2ViYy9kZW1vLm1k,qeHlMmn8BYjfdQCiDqhUlg
Y3Mvd2ViYy9pMThuLm1k,hZ7gFuwJByXCCNS3rQ_ZFA
Y3Mvd2ViYy9qcy5tZA,jaXIsYRIVbkrSeeau7Io1A
Y3Mvd2ViYy9zdHlsLm1k,HRZqVPDZFrHt8iWw3MN4MA
Y3kvQUdFTlRTLm1k,aTyg9RSJZGi85rFHowk4nA
Y3kvd2ViYy9TS0lMTC5tZA,q9hvZ1x6nKeA9tX7ioSsyg
Y3kvd2ViYy9kYmcubWQ,BljVVo9WssmysSkR1iNxTA
Y3kvd2ViYy9kZW1vLm1k,mF1Rrnfhcp5psayx4aM0FA
Y3kvd2ViYy9pMThuLm1k,AD81hmJAkksHKKd96AHuuQ
Y3kvd2ViYy9qcy5tZA,GGGStyItiProuOVX7LahnA
Y3kvd2ViYy9zdHlsLm1k,_fFFW0FGXEb01ZT7-fII_g
Y4MzbCLE5V1D2_U2fK0yAw,30EMsC3KXdr1Mjv028o4Zw
YA_reYFp7jghfCDlHMynHg,dxCvsyWd8hrIz2vBhLHwcg
YEkfswJpxlk-7IvJk5RD4g,e1XFtB-YEZu0i7EgKIUCgg
YFzqh5gKELfzSo9IuTjsCQ,Tr43At8-FdWeBxygETvL3g
YOqQbkHi4JhUQKLWlfkBPw,esRn8-5A_LFs9-3xmqWXpA
YWYvQUdFTlRTLm1k,wYxV8Wt7gQHMG36n88awpg
YWYvd2ViYy9TS0lMTC5tZA,1gXkprXBbxnIf92duhWS-w
YWYvd2ViYy9kYmcubWQ,kCju2PJV3qLwLCBVWjpqQQ
YWYvd2ViYy9kZW1vLm1k,bu-jLFlm-8rtbEgq-ZLq-w
YWYvd2ViYy9pMThuLm1k,4rINPaKKKvnYSafK6bQ3bg
YWYvd2ViYy9qcy5tZA,s_teVBdRPxY78jSFi1_l9Q
YWYvd2ViYy9zdHlsLm1k,06wjmgsVzaXc_K4cOVJldA
YXIvQUdFTlRTLm1k,MH1Kh6kbveopY1wLlV5iFA
YXIvd2ViYy9TS0lMTC5tZA,D8JmIrx37ZckjLS3Hm8VNA
YXIvd2ViYy9kYmcubWQ,0C5RZvveTkJ7I1zz75D4-Q
YXIvd2ViYy9kZW1vLm1k,V6vpSvAnpKwmW9P6imI8RA
YXIvd2ViYy9pMThuLm1k,T0jDbq0KT08rG1PrLr7AXw
YXIvd2ViYy9qcy5tZA,mIhbuHs_BEc33mLO0YuZhQ
YXIvd2ViYy9zdHlsLm1k,XtbF6SMGbWU9WwZOk6Dfsg
YXMvQUdFTlRTLm1k,HEMLsQI9VPZ-UX1RUe9iaQ
YXMvd2ViYy9TS0lMTC5tZA,mquW5Cj7nU_0F5e7daEu-w
YXMvd2ViYy9kYmcubWQ,zX9gw-sHYvaj5gwiN_aQwA
YXMvd2ViYy9kZW1vLm1k,upBeYKiArDH-Z33Q33dvMQ
YXMvd2ViYy9pMThuLm1k,Um2tivIJkbCbLpZCWaN_4A
YXMvd2ViYy9qcy5tZA,btx2wABxTRmPhFuCMKhNmw
YXMvd2ViYy9zdHlsLm1k,8tSPFVELGOFJbpYIMrvExw
YXovQUdFTlRTLm1k,q84LPi1vMorGntg9FiHjyQ
YXovd2ViYy9TS0lMTC5tZA,33PcY5ZGa7pkh5aVyaM3qw
YXovd2ViYy9kYmcubWQ,q_aCHWsXJkMbdih8dmopXA
YXovd2ViYy9kZW1vLm1k,-rh0GCqe38NCfn5u8oCVwA
YXovd2ViYy9pMThuLm1k,4pNSB8VqtbPDE44jJeJb8A
YXovd2ViYy9qcy5tZA,gJRrf7uutCV7aXNFFIZ-Sw
YXovd2ViYy9zdHlsLm1k,4hlDST6ytJy3TfPmNZgF2w
YYCd3iuceejbQMJPJAxmDg,2TFhKDrNZWFXR4fZ6FF0Vg
YYFyMWcxH1zF_CfekMaE6g,qZ-nOVuKx7xELxO5BQxqXQ
YghWdOiZ7fkwyVCobAIPVg,z5zVO0glzvE7gGr6AOtiOA
YkLgv702WjWCZgQCjjWbaQ,qDe-JbOnjNYgLKa1oCcUnA
Ym4vQUdFTlRTLm1k,2AQvAb9cV0h5ok7De6bDTQ
Ym4vd2ViYy9TS0lMTC5tZA,arG0F6qAZMT4XrE7lQ0Ccg
Ym4vd2ViYy9kYmcubWQ,MphN2syPBrMoaFUEARhNQQ
Ym4vd2ViYy9kZW1vLm1k,koLqA8_17l5I-DshdbiSXA
Ym4vd2ViYy9pMThuLm1k,T8PRIu_rWFUZy7DcuYhA3A
Ym4vd2ViYy9qcy5tZA,8QRODRtflsx_2Hb32DzvqQ
Ym4vd2ViYy9zdHlsLm1k,UuJ_1ZXH-1jCllWacdtCvw
YmA9gy2bODqZmWddVatobA,exENk6X3saQ2oWLXKh09pw
YmUvQUdFTlRTLm1k,G7ngEirWmOc7o3img7fscA
YmUvd2ViYy9TS0lMTC5tZA,F2rhbvnKZYJOWhgbFRCGOw
YmUvd2ViYy9kYmcubWQ,mcsqVO_evDyCtSELmYKi4g
YmUvd2ViYy9kZW1vLm1k,7nhrlDTi-NMvbgcv9dpEpA
YmUvd2ViYy9pMThuLm1k,rJhKXptqml3fS9zvKIhksQ
YmUvd2ViYy9qcy5tZA,J623XgKGEkO6fN1Llde0Dw
YmUvd2ViYy9zdHlsLm1k,icjwys9_dFYYla8lq3rnGA
YmcvQUdFTlRTLm1k,UM8wZ9d7WJKy6PYcmIhxgQ
Ymcvd2ViYy9TS0lMTC5tZA,HtOH4L9wsIhrKVekthxTrQ
Ymcvd2ViYy9kYmcubWQ,0vElWWUdL7L0yTHPc0DP6w
Ymcvd2ViYy9kZW1vLm1k,qLOWX6tziufALhX-ZwCFVQ
Ymcvd2ViYy9pMThuLm1k,vkeLfMXICE9EkxnE6QOumA
Ymcvd2ViYy9qcy5tZA,S5YkFb8sYEhPaNjWA1ShHw
Ymcvd2ViYy9zdHlsLm1k,EI6pbgZYgHhsNHm-qlxm9A
YnMvQUdFTlRTLm1k,Wmh3edr_UfoMii2bBs9QtQ
YnMvd2ViYy9TS0lMTC5tZA,NcPPmoj7u0Sc2OCRSsS-sA
YnMvd2ViYy9kYmcubWQ,rsE5_wzSSHXbZ2vszUasrA
YnMvd2ViYy9kZW1vLm1k,W_eiCDmM4QHx5pahnzrjWQ
YnMvd2ViYy9pMThuLm1k,eieBqb40yvyVNhZBTWUZVg
YnMvd2ViYy9qcy5tZA,fY3EZRgzkbXbby0yh0NpvA
YnMvd2ViYy9zdHlsLm1k,mTTGtv1JFxtIspWJjSmQeQ
YyTHYWBIk3cr2s79LXM8OA,6iWse1cVFDBlYvX-5AwSYQ
Z2wvQUdFTlRTLm1k,6vc733qCJzlmAjTPOeQfQQ
Z2wvd2ViYy9TS0lMTC5tZA,Y3B6IrDdScGDnDULEMk8jg
Z2wvd2ViYy9kYmcubWQ,wjPLglADd56WygNA19YObQ
Z2wvd2ViYy9kZW1vLm1k,wnrJbo94gumA8gPq4DDygQ
Z2wvd2ViYy9pMThuLm1k,myqQq-VgYYuI5P1OKIxNjg
Z2wvd2ViYy9qcy5tZA,Ek-c1dnsoW3gus7_rxvhfg
Z2wvd2ViYy9zdHlsLm1k,Ra76nU_V92JSjzqxekDZ9g
Z3UvQUdFTlRTLm1k,fxJ7zBlgfM0hBF7bF_h8mg
Z3Uvd2ViYy9TS0lMTC5tZA,Uy24x0bOPqaQ6c5i_Za0jA
Z3Uvd2ViYy9kYmcubWQ,4qKdwPp-XXZgi9rn3ewGQA
Z3Uvd2ViYy9kZW1vLm1k,K-isWOzfklpo5UWA1S9qjA
Z3Uvd2ViYy9pMThuLm1k,ONTYF3I7gDvjP9f1uiljKQ
Z3Uvd2ViYy9qcy5tZA,srsL-gclV5FiAE1IRUp1sA
Z3Uvd2ViYy9zdHlsLm1k,sTExUnuVhzleFuvk1bG-kw
ZEE_OXev8hcfKQF9Ghs2uA,tBzbn1Kq-C3_Mj_ZRqaQ3A
ZGEvQUdFTlRTLm1k,p93FeSObRMzY79YVaRgtcg
ZGEvd2ViYy9TS0lMTC5tZA,DQqNH2d9ZaWNmqbP_hqGjA
ZGEvd2ViYy9kYmcubWQ,kdH-8QhQURgvTNH7lIKqFQ
ZGEvd2ViYy9kZW1vLm1k,E6DvQl30v2rO16CuvzZX6A
ZGEvd2ViYy9pMThuLm1k,YiPkIti_pLAfrbk3o9IMBw
ZGEvd2ViYy9qcy5tZA,hwhBLVU-xthHVicoKExahg
ZGEvd2ViYy9zdHlsLm1k,wps_7Crz9ER69RplCabOCA
ZGUvQUdFTlRTLm1k,o2tmxXq91RKv0jUEH6oCwA
ZGUvd2ViYy9TS0lMTC5tZA,RQbLjq8zY4TfxxmGlZajYQ
ZGUvd2ViYy9kYmcubWQ,jbFTwfjw_JuDUPKKeDrrKw
ZGUvd2ViYy9kZW1vLm1k,U_ztDPu1PnH_YGPuAOfp-Q
ZGUvd2ViYy9pMThuLm1k,BA5hSkrnlN5xVP1K1e03dw
ZGUvd2ViYy9qcy5tZA,7qSo3tIS0L-1L_hBLwem5g
ZGUvd2ViYy9zdHlsLm1k,zfJE28k0RJx2d0CbRIUJXQ
ZV2LyjxTVhbLpGt14fpqFw,fgfIqcP4sMg6L1TwYf-f8w
ZW4vQUdFTlRTLm1k,SOjn_6H6mquzQ_jkAzKO_A
ZW4vd2ViYy9TS0lMTC5tZA,tFG6WUoc77N_sqIN6G40aA
ZW4vd2ViYy9kYmcubWQ,uSk8gldcHLD7CbalpT6KmA
ZW4vd2ViYy9kZW1vLm1k,vBJi-C0d0TGzrbMYs5UHwQ
ZW4vd2ViYy9pMThuLm1k,frc7PndWph6ddgesWpHEmw
ZW4vd2ViYy9qcy5tZA,J7BH3JvnOw_57ngZRRBxZg
ZW4vd2ViYy9zdHlsLm1k,VDelaefZXjbIYJv16zygRg
ZWvmIl7R2hu5Bdu8J8odZw,mb1kgZF-n3VlS4_H480qkA
ZWwvQUdFTlRTLm1k,8GzJSLld_Iae2hwzzvQ5tQ
ZWwvd2ViYy9TS0lMTC5tZA,fSx4xxMuY8jd1D37aRPqHg
ZWwvd2ViYy9kYmcubWQ,Caa_-Jg4g5fACpG-scCDug
ZWwvd2ViYy9kZW1vLm1k,bUMAQug3c5DX7YIr6Smwow
ZWwvd2ViYy9pMThuLm1k,8LhOZnFEiudqzSJBTd1VQQ
ZWwvd2ViYy9qcy5tZA,Bwb5roTjwjRODfwvZb9k1w
ZWwvd2ViYy9zdHlsLm1k,zg45_ONjkoJxwy1KwTA2eg
ZXMvQUdFTlRTLm1k,wrMLnAvgDpONLDncfHIaQg
ZXMvd2ViYy9TS0lMTC5tZA,9Qa3H7sXgQ_Asz2P9GWvZQ
ZXMvd2ViYy9kYmcubWQ,l0-F5nccO7D73vqODmGoTA
ZXMvd2ViYy9kZW1vLm1k,fe9rNmnML8aUvVqINLnp0A
ZXMvd2ViYy9pMThuLm1k,ijO3DPveCeeQ3QlE9Oy71Q
ZXMvd2ViYy9qcy5tZA,9I85qCaSjxChFgiEsKQO3Q
ZXMvd2ViYy9zdHlsLm1k,SOIfrE9T2NKH6IE322uu1g
ZXQvQUdFTlRTLm1k,lJuhIl38yq0NbAxVsqq52g
ZXQvd2ViYy9TS0lMTC5tZA,RfQx9PXn8CpO6a56nZUXXA
ZXQvd2ViYy9kYmcubWQ,ri7kD1QOMyb2lefizdwF7g
ZXQvd2ViYy9kZW1vLm1k,iMJ0xBZ97B1nwkSzzV2wnw
ZXQvd2ViYy9pMThuLm1k,pARTvTwQEOL0P8r8Sf8eug
ZXQvd2ViYy9qcy5tZA,rd9d1tDqiefgMNhdDwGqrg
ZXQvd2ViYy9zdHlsLm1k,zHds2I9fW7_sD9N5VLu7VQ
ZXUvQUdFTlRTLm1k,n4Cxb3lA7mpsruNxaDRpnA
ZXUvd2ViYy9TS0lMTC5tZA,6UPdRFTuZvdNfkIcNcK_hA
ZXUvd2ViYy9kYmcubWQ,p4Rxrdc3BWPdlpVO4L2_fA
ZXUvd2ViYy9kZW1vLm1k,hSaAT84u2EC-rdZLHOgDYA
ZXUvd2ViYy9pMThuLm1k,7fm7LFEsSSvOQ7VplLP6rg
ZXUvd2ViYy9qcy5tZA,So82QTLLU-rgFuaMLWuFeA
ZXUvd2ViYy9zdHlsLm1k,rTPANiFvYbz_IQ4mtcuxog
ZcWDY1m2BJtUcO8Rxb7gDA,uapW9TazPntZhXEtDtC5hA
ZdozRy-OtTkd4IhAcZj3GQ,pILTWSKgFsmEfTavwcFbiQ
ZmEvQUdFTlRTLm1k,6lh-KgvSiBnP9ma8hYJO9g
ZmEvd2ViYy9TS0lMTC5tZA,XpQD6H49WPqzFBCDZ-X5IA
ZmEvd2ViYy9kYmcubWQ,pC95ppio47KRk6vsepctFw
ZmEvd2ViYy9kZW1vLm1k,fzelW2bwQN5Vv5gpusPeYA
ZmEvd2ViYy9pMThuLm1k,UfnItQTS0Z_P0r61XP5BXg
ZmEvd2ViYy9qcy5tZA,hEEsDb-FCknTC47NzssLFQ
ZmEvd2ViYy9zdHlsLm1k,1YMhk1hLwVyrIcFc_McUJg
ZmkvQUdFTlRTLm1k,49hx9DCBY84-Fj8U32pLQw
Zmkvd2ViYy9TS0lMTC5tZA,y-2V17clh69Fvb2xFL6yiA
Zmkvd2ViYy9kYmcubWQ,Mkrz23y64JosE2_kt-zl4g
Zmkvd2ViYy9kZW1vLm1k,iGYWbFG9AACpuIowMAvmAA
Zmkvd2ViYy9pMThuLm1k,iM7O09clOhEAx97f4rBfBA
Zmkvd2ViYy9qcy5tZA,YSerIzkGLdXguxdZtywA0A
Zmkvd2ViYy9zdHlsLm1k,nRCzMArSe5CG_RUKAS8Rkw
ZmlsL0FHRU5UUy5tZA,JQkAzx_T8v4JWgoq1wzIeg
ZmlsL3dlYmMvZGJnLm1k,p6gtSd11C7n2Nw80D2pyag
ZmlsL3dlYmMvZGVtby5tZA,VLo8X5nQr0qlKzEV2WjzWw
ZmlsL3dlYmMvaTE4bi5tZA,iB7XBHnQ_dY7fzMlJtBP-w
ZmlsL3dlYmMvanMubWQ,73jtioAOg9zN5tjfOfyY6A
ZmlsL3dlYmMvc3R5bC5tZA,YNnDDgBF2KrYzr9CUNTbHg
ZnIvQUdFTlRTLm1k,nrtkr9kYlOjNivNbCe_0xw
ZnIvd2ViYy9TS0lMTC5tZA,21wRzZ1z1POL8utE4Qe8Og
ZnIvd2ViYy9kYmcubWQ,MkrBWNlXI64RyUX35D7H4Q
ZnIvd2ViYy9kZW1vLm1k,9Hd3wXBjN0QpjeoZp2tR6A
ZnIvd2ViYy9pMThuLm1k,NErMqcGw4rh9dxfhGONl2A
ZnIvd2ViYy9qcy5tZA,U8GDIdLNK6HokgjYXBTAAQ
ZnIvd2ViYy9zdHlsLm1k,6_V3FGltGI5cAhOpp0KFiQ
ZpCXx07wKaVWMDuBO-eGcQ,lNclLtiU3hASAYA-eqKhzA
ZrsiaGCmZQpYCtWIyhieEg,28GWVTAPDURwQKJAAJHpEg
_7ruVoq1xGBlKk61nKcY-w,wg7b-BAnmi-WTp7ohefZdw
_Ni0TusHR8sfGrk6rD_7hg,v24xBo5H86qRFcftNY0KAQ
_XzmxTQX2FX9F1o6exBJvw,fu4gAofE61Za6iU0Jt8zBQ
_ZFDa2nTSBQ6rOFLRE94bw,sFYRO5jNiyaTtPYO-YZFNA
_amtXSrhaGDRu6RGdM0v7A,ZO5BJ-hWAodPGOk7r_muNw
_fRnnpcMhiCF50tVGZR8qA,l9rCJM156hOnrT5TG9CLcA
_hv_uP90B_fn4dnu2n64SA,GZIGZ-jPjSJe6KNh1gVRpA
_sErK1zmStYmquP0B4s-KA,Pos5g88wfCn47KGG7h2CVg
_vzz60PrvAgSPd3XyRilqw,Q05Vm8-KT8NWXi0GxM1nfQ
a-VtbufMAYd8RzD4MZbZwA,qV6Vz4nCiPoQzRGuuHGkPw
a20vQUdFTlRTLm1k,hHpWkXrIdHfNdgGoLLyRGw
a20vd2ViYy9TS0lMTC5tZA,6FrnNYY8p8FY-KzPHu6sVQ
a20vd2ViYy9kYmcubWQ,wtB9r46jus19Cqj1rcVnIQ
a20vd2ViYy9kZW1vLm1k,pLPkQvp83ju0xrMKqaNY_g
a20vd2ViYy9pMThuLm1k,VVAsr10HFXBNrL5f4cVztA
a20vd2ViYy9qcy5tZA,YCpIt7wtZdH7qJBk8U3HIA
a20vd2ViYy9zdHlsLm1k,eH4X1XKKlIv6z8V06RIyhA
a24vQUdFTlRTLm1k,xw4Ru25fK2vMjtvdaoSPjw
a24vd2ViYy9TS0lMTC5tZA,r1aP4iyICEfnFNehIWOyDg
a24vd2ViYy9kYmcubWQ,xrflXKpWiPzs0s7MJJrprw
a24vd2ViYy9kZW1vLm1k,LR9pcJBAuVwJ_WsBMzqeLg
a24vd2ViYy9pMThuLm1k,1CLhSmY-WSFPP5VrGinzwA
a24vd2ViYy9qcy5tZA,wxBhBwKFuMrFkF9D-ZazaQ
a24vd2ViYy9zdHlsLm1k,n4fE-oPQ_6BxrKbuO-3qGw
a28vQUdFTlRTLm1k,knaToB9j7gN5RxoNOf4cRw
a28vd2ViYy9TS0lMTC5tZA,Vao2oBHC04WFkh6BGaXWkA
a28vd2ViYy9kYmcubWQ,_zCFYogzmIS2vJVLfUa3HQ
a28vd2ViYy9kZW1vLm1k,AfwiFm4N7WoB0uIQFwkq7A
a28vd2ViYy9pMThuLm1k,Rh4vCPgcFY_U5MjF37b-qg
a28vd2ViYy9qcy5tZA,Hh7fllhBIiCQXHP3AgKTIA
a28vd2ViYy9zdHlsLm1k,vd5WEr-cetbiaFuJI4OBNg
a2EvQUdFTlRTLm1k,Z4T1XPUmSML4DUF2OmS20w
a2Evd2ViYy9TS0lMTC5tZA,drlVIzOCXOYcOgVpiwFq9A
a2Evd2ViYy9kYmcubWQ,9LpEGodLNlbqEuxyvWICpw
a2Evd2ViYy9kZW1vLm1k,AeA277PEVGYEBjybu-n1WA
a2Evd2ViYy9pMThuLm1k,TQ73ohJaXyWNN78QFFUhSw
a2Evd2ViYy9qcy5tZA,RgzdrOPTCyNHJX8cpi_dWA
a2Evd2ViYy9zdHlsLm1k,01cEm8NQOrFSX1ddiKjtSQ
a2svQUdFTlRTLm1k,lhCvjSwLkZx_WBFw_SCnXw
a2svd2ViYy9TS0lMTC5tZA,WxCwyXDEKzCZih8DsR7XcQ
a2svd2ViYy9kYmcubWQ,7e08JEkrVjE_ebu8G9LzXw
a2svd2ViYy9kZW1vLm1k,HB7NAFw4uY3UsnKE8NB2Xw
a2svd2ViYy9pMThuLm1k,TZHRjnZTizA6Io7lMD1Lpw
a2svd2ViYy9qcy5tZA,9205POsQOiONqIV80YZckA
a2svd2ViYy9zdHlsLm1k,3WDr6l9yCQEE5BgEo5pEJA
a5DuBkVHBKGFJHLj4K1tRA,XPtKavmC6QEe0pVxSRsxeA
aGkvQUdFTlRTLm1k,Nj73forGojZSn3uo4oiMQw
aGkvd2ViYy9TS0lMTC5tZA,Jt8QhzjJDwRsY3bJtfh2ig
aGkvd2ViYy9kYmcubWQ,DClhCu5a4nWSB7GOvbSjqQ
aGkvd2ViYy9kZW1vLm1k,S-Z5a6AJpZ-mJEiiaSjVBg
aGkvd2ViYy9pMThuLm1k,E-QBuktR3w7hF8p_P9SKvA
aGkvd2ViYy9qcy5tZA,t0wcQ0JJiY_H2Qd0_duhvw
aGkvd2ViYy9zdHlsLm1k,qas90IHgei1xpsvorDcknA
aHIvQUdFTlRTLm1k,RSNpczb-qgTmCjo6qQ0E7Q
aHIvd2ViYy9TS0lMTC5tZA,R_wW0vQfx6nfbl9qnJv7nQ
aHIvd2ViYy9kYmcubWQ,Gxke7EhmUR_f_4oVzmYI-Q
aHIvd2ViYy9kZW1vLm1k,HonvydAOYAW-P96ScPuiNQ
aHIvd2ViYy9pMThuLm1k,whZ1g00ysjx--UyIGlTKwQ
aHIvd2ViYy9qcy5tZA,iXe_LLRd1gQd9UCOn_3Elw
aHIvd2ViYy9zdHlsLm1k,3oM6QYJOdFHT4CuLLSDeeg
aHUvQUdFTlRTLm1k,AYPGBUrvPldRcsvwZq0BJw
aHUvd2ViYy9TS0lMTC5tZA,nN90r1z7zhi81ZPQuXJyWg
aHUvd2ViYy9kYmcubWQ,okdwAAQAWroaVnLnQlSo1w
aHUvd2ViYy9kZW1vLm1k,0YMc0WRzaGX34rAs30ek4Q
aHUvd2ViYy9pMThuLm1k,DnxMY_5Wa4HhRUwezh5Vcw
aHUvd2ViYy9qcy5tZA,FN3oXW3RpMMDvpcTDfeO_Q
aHUvd2ViYy9zdHlsLm1k,RzHgv7sZP3xOal4-rc4ypw
aHkvQUdFTlRTLm1k,MiMpodCbI6Av9jZpokpYFg
aHkvd2ViYy9TS0lMTC5tZA,eoaYk49ubV5JGLnK4ISdIQ
aHkvd2ViYy9kYmcubWQ,XdddMGATf7ConxpUwBiNZg
aHkvd2ViYy9kZW1vLm1k,hC9_GOKsha2hSBn7qTF2dg
aHkvd2ViYy9pMThuLm1k,5utckPMKDE9FaEGCi4ZEjw
aHkvd2ViYy9qcy5tZA,2OI0o_VZSgECr_dgLIiXTQ
aHkvd2ViYy9zdHlsLm1k,PAH_5X-RPQTjGyf49-gl8Q
aI8jVmJAZO-AI_Zyj6xUlA,MUuoZYHBsGnUeRfDEYp_Kg
aNNxXRu5R0xPevJEWk7yfQ,ulNsYchLjZP87JBxVgYF8A
aRt4WkFLFfca2rJaP2DwTA,5hyEg6_il3k05cSC8jbxOg
aRuFv_gkNM7B35GFd92LDA,vMNhyG0G-IG9DCNHlkr7EA
aWQvQUdFTlRTLm1k,juo6yYNEJlUfSUVPnsJrsg
aWQvd2ViYy9TS0lMTC5tZA,Pi6RVHIj2IMAXZ0C6AO_pg
aWQvd2ViYy9kYmcubWQ,bidRvpaDoi7QtIWc4v4eUA
aWQvd2ViYy9kZW1vLm1k,KAFYgnov1OWKtnoo0x81rA
aWQvd2ViYy9pMThuLm1k,e8lURakuFdJtLso41Bqm1w
aWQvd2ViYy9qcy5tZA,m8m_dwAlQwH_m-u5NWD0Lg
aWQvd2ViYy9zdHlsLm1k,17LOPrzHnpT43IxyTx50zQ
aXMvQUdFTlRTLm1k,23t6s2tL-vCF7JLjuPxq0A
aXMvd2ViYy9TS0lMTC5tZA,yJH8g0WPp_GeyQlqVhj4_A
aXMvd2ViYy9kYmcubWQ,sEvS6c7UwztSQrvpQi6-rQ
aXMvd2ViYy9kZW1vLm1k,kfYZYLm1V6gx6w-YsEoV_g
aXMvd2ViYy9pMThuLm1k,SQEeh-YldUkR16Zj9_ADFQ
aXMvd2ViYy9qcy5tZA,Sa6mOmHyUe8gff3qxjToRA
aXMvd2ViYy9zdHlsLm1k,rBLG3w9oQJOJsLtT_YgSBw
aXQvQUdFTlRTLm1k,2HUJ8cXs0ZIiUrPWTsPJ_A
aXQvd2ViYy9TS0lMTC5tZA,iWI6WoF441awk047ddBlCg
aXQvd2ViYy9kYmcubWQ,f1KSoQR29EDI8cjwZq9YUQ
aXQvd2ViYy9kZW1vLm1k,WWBNkiTD0-HVT2xAgqVWvw
aXQvd2ViYy9pMThuLm1k,TGEgs3oA5ky5HVbKDfJBQQ
aXQvd2ViYy9qcy5tZA,5ufzvB-TuCIIs4Kl0-zUIQ
aXQvd2ViYy9zdHlsLm1k,pcoyEuVruN3R8EbWP8Dskw
aXcrYT2Q6dfZC7IykTyUDw,RHH6CWte2EAODtE83KDP6A
aXcvQUdFTlRTLm1k,oU6bykAsA687XSe9mFwT3w
aXcvd2ViYy9TS0lMTC5tZA,KDzh3OVDMpcw5jiwl5BbwA
aXcvd2ViYy9kYmcubWQ,XeQ7l0Lgcm-uqzwq2tsKjQ
aXcvd2ViYy9kZW1vLm1k,6avE95wQxzB-YdmrMrJx7w
aXcvd2ViYy9pMThuLm1k,i1BAQgxS2TLbhytA9efc4Q
aXcvd2ViYy9qcy5tZA,-gVWw_5lFV2pN_NOYYs-QA
aXcvd2ViYy9zdHlsLm1k,nga1IayyipGtVUqY9jTUeQ
aayX0JVjIgn6kFQaMK17hw,Dmf8CE-wxcrCfBjof-2Xug
amEvQUdFTlRTLm1k,EnIBU1HTER7oSphlOGnMTg
amEvd2ViYy9TS0lMTC5tZA,Pf2A8kl67UT-zleQu2K4Sw
amEvd2ViYy9kYmcubWQ,5Ikr28v1MgpHJz9PvMBdUg
amEvd2ViYy9kZW1vLm1k,6JGiBbM7rP3tjQ9bNNM-OQ
amEvd2ViYy9pMThuLm1k,ziwvR7nWdv_ip_imRuVEtA
amEvd2ViYy9qcy5tZA,VM3ps6VOgJoKjRbZTxEZbw
amEvd2ViYy9zdHlsLm1k,dGZGSQmuTeOLQp3Bs1a7yw
anYvQUdFTlRTLm1k,P17VL6P0PkLvWjg3C3ptqg
anYvd2ViYy9TS0lMTC5tZA,gC4zLlSAi7VcweOKLW2-yA
anYvd2ViYy9kYmcubWQ,n3Q176qv4tisqG4drkVMuw
anYvd2ViYy9kZW1vLm1k,-uGhDWFkQ26Lce4tx7HNTA
anYvd2ViYy9pMThuLm1k,taiLD6Vy4geP9NQy92ldfQ
anYvd2ViYy9qcy5tZA,Os8Acs2l_Xl7Oer7TxpAtQ
anYvd2ViYy9zdHlsLm1k,beOJJaZUKcuIG6OrxNmomw
aoEpF9rXkOBokt_JedQPJw,Lu5U5bEVreDHSFdLdBdB6w
b3IvQUdFTlRTLm1k,GHzVKNRVIO1C52sEvMxQ3g
b3Ivd2ViYy9TS0lMTC5tZA,avu1Ms47825gsqWAGdlxCQ
b3Ivd2ViYy9kYmcubWQ,CUcpe0cY_NxD9itjs5gYoQ
b3Ivd2ViYy9kZW1vLm1k,hAs4hVFH4l2ShORmFjPQnA
b3Ivd2ViYy9pMThuLm1k,KwZ7ZXkbBezW_Rm8sxuGUw
b3Ivd2ViYy9qcy5tZA,RoWFc0S1L50aahti3mQKdQ
b3Ivd2ViYy9zdHlsLm1k,5FKNcRg217noinoRQLN44A
b8RHu1tfrBCKNUFMdytKzg,TlmulJlb09y6J_mVkkoduA
bG8vQUdFTlRTLm1k,3IdAGipQQf68eA6_ewIFHg
bG8vd2ViYy9TS0lMTC5tZA,Bg1hgp4-Z0L92kfCWV3X-Q
bG8vd2ViYy9kYmcubWQ,Yb7CR-fooK9-zs2tJbOlLA
bG8vd2ViYy9kZW1vLm1k,_5jmGgtJMZHlVzgj9tM_-Q
bG8vd2ViYy9pMThuLm1k,OhBxsYwNaMbr964dm-NDLg
bG8vd2ViYy9qcy5tZA,wHu9XSOs83SVVR07WFMy9Q
bG8vd2ViYy9zdHlsLm1k,9s2n-m-ShR4WJh--bIZTWA
bGIvQUdFTlRTLm1k,nOn3LYAg01y_0BYIBSJ3hw
bGIvd2ViYy9TS0lMTC5tZA,h4KjCFeNa5HmHxfanlEQGQ
bGIvd2ViYy9kYmcubWQ,zCZ4LopiNvbrfzEEtdgluA
bGIvd2ViYy9kZW1vLm1k,-qdvZtri9z5TtOFADgxjrg
bGIvd2ViYy9pMThuLm1k,7FWxrRVYqW2rFHGv7PyEmA
bGIvd2ViYy9qcy5tZA,805feNrOHHZwtlXRwKR2Ig
bGIvd2ViYy9zdHlsLm1k,d6btKKOktp8sDtSB5XVj_Q
bHQvQUdFTlRTLm1k,CPOQt4sJdsHwYq1SWDI-ww
bHQvd2ViYy9TS0lMTC5tZA,khKGOkK7vL6oEcPXehzPYA
bHQvd2ViYy9kYmcubWQ,wMWGzZrczDACzJliHo_BQw
bHQvd2ViYy9kZW1vLm1k,kYmGTehFpoB5pOA7t_1P_A
bHQvd2ViYy9pMThuLm1k,2sjSY-wOkzF2Qv7hBWxNrw
bHQvd2ViYy9qcy5tZA,RxhGz9F62-HKC263InDwnQ
bHQvd2ViYy9zdHlsLm1k,3sugn2ybqCvbAPoSJ_5HoQ
bHYvQUdFTlRTLm1k,0N85N9ohG6tXe05TTiMpXg
bHYvd2ViYy9TS0lMTC5tZA,qGWG22Fv1Q8Z7Zux400YEQ
bHYvd2ViYy9kYmcubWQ,JEJ2ghvFYH4hO2Vd52CZwQ
bHYvd2ViYy9kZW1vLm1k,R-Eondi7TNkgTpTyCGSP6w
bHYvd2ViYy9pMThuLm1k,97wT8T-drMauIC-LMQ10dg
bHYvd2ViYy9qcy5tZA,8R2ZauN00B-VtKRi2NTvMg
bHYvd2ViYy9zdHlsLm1k,rCw2xXTTikBnksnmYDIcGQ
bWsvQUdFTlRTLm1k,YrhKKUHKp9pAbGKAOk2qcw
bWsvd2ViYy9TS0lMTC5tZA,xIvx32ELJdbGrWo4B58BIw
bWsvd2ViYy9kYmcubWQ,FgW_7JkH8wMsh5jXWCmhJA
bWsvd2ViYy9kZW1vLm1k,3wb1XDpaZfOPrsA4dQk-hw
bWsvd2ViYy9pMThuLm1k,6lFFZzJ2Lf2sPU-t_rAIDg
bWsvd2ViYy9qcy5tZA,wwmgocuBLDtWxsirzRaB2A
bWsvd2ViYy9zdHlsLm1k,xAsniS6xdUZiB9S41RyMeA
bXIvQUdFTlRTLm1k,0y0NL-UfcGkcpIB0oLcucQ
bXIvd2ViYy9TS0lMTC5tZA,81w_WO6-Tk8RRrucvsGCtA
bXIvd2ViYy9kYmcubWQ,MabJdnHzP6UBOXAL9YbKUA
bXIvd2ViYy9kZW1vLm1k,SYJisEUc9_YeQYjS-9_o1g
bXIvd2ViYy9pMThuLm1k,UTnEKALFxuUdK_blCRlbrg
bXIvd2ViYy9qcy5tZA,aHog9YORiqdv20keLp44-w
bXIvd2ViYy9zdHlsLm1k,plJCCuvp32OxE6U25mtD9g
bXMvQUdFTlRTLm1k,_7jvJ8uOJhd_dyVMhoCP-Q
bXMvd2ViYy9TS0lMTC5tZA,8IWdUAoTBN8vFnN3j8Ks5A
bXMvd2ViYy9kYmcubWQ,QI0SzJLOlIRK1lFUhvWngA
bXMvd2ViYy9kZW1vLm1k,L8jLVAdwgFk3ogcDMQS5zQ
bXMvd2ViYy9pMThuLm1k,wDM9ZOJiGIdUPLl2y33bTw
bXMvd2ViYy9qcy5tZA,gLLyANOTcGzcu5FA-DyUnw
bXMvd2ViYy9zdHlsLm1k,UAQ-46oW6xB2Zs8_roOiPg
bXQvQUdFTlRTLm1k,ruB7S_KLIwqAL1ZfO44ZpQ
bXQvd2ViYy9TS0lMTC5tZA,PO4-16YlKxT-I2wUEKH8lw
bXQvd2ViYy9kYmcubWQ,1SR8liFNAu7pUMzUfCcn_g
bXQvd2ViYy9kZW1vLm1k,LtNlS3PvoHGdzVSdr-DQGA
bXQvd2ViYy9pMThuLm1k,Z59Q_ugepWVNu_rfX-PXXQ
bXQvd2ViYy9qcy5tZA,mkld7NLSMYNF4nERmJjJHA
bXQvd2ViYy9zdHlsLm1k,fjZt-OXQpUQq7c6MOgf8dw
bXkvQUdFTlRTLm1k,n2jbbNafNnICktuc67BOrQ
bXkvd2ViYy9TS0lMTC5tZA,69l9tQyvasjcUK7Ke_HQSQ
bXkvd2ViYy9kYmcubWQ,dUPXWakEOOmLMrp7DItmUw
bXkvd2ViYy9kZW1vLm1k,WZp2BTjMhIzzp4-xtvnOZg
bXkvd2ViYy9pMThuLm1k,jcNWyTEXO_EB1tKsNJTpPA
bXkvd2ViYy9qcy5tZA,N08LmbHb4GfDn7uCnm4AWA
bXkvd2ViYy9zdHlsLm1k,bcedNVnGeMPahy8aulKXHQ
b_2OteVvLly2w-hlKOQc6w,Rfcv7NrdzvsdvkWIX0-aPQ
bm8vQUdFTlRTLm1k,wW6GuQ6oDjYtx8gl9sNQDA
bm8vd2ViYy9TS0lMTC5tZA,XkZAJlkdz-wlCZfC6GjiHA
bm8vd2ViYy9kYmcubWQ,oKXGSNGOFtXLiwEon3safQ
bm8vd2ViYy9kZW1vLm1k,McQBanLup2jHNUVRgtOzKA
bm8vd2ViYy9pMThuLm1k,m1YEqAeWZEyZitranww7Hg
bm8vd2ViYy9qcy5tZA,Bs5qSqf5t09bHNKeJrBsKg
bm8vd2ViYy9zdHlsLm1k,xW4LA32P9KV4Z-duJK-9Hg
bmUvQUdFTlRTLm1k,-GBVbC6tcIgRu4uc18Aatg
bmUvd2ViYy9TS0lMTC5tZA,v1bQ8W-dQpenOhsB4-_ERA
bmUvd2ViYy9kYmcubWQ,VYkz3I4SYZxfR7f__333gQ
bmUvd2ViYy9kZW1vLm1k,w1l2WqVJz2kDHQcUj-vIQw
bmUvd2ViYy9pMThuLm1k,8EJkNlQwtIzoCv8hlLDlfA
bmUvd2ViYy9qcy5tZA,vNhvH4dNVWXbVudqvlZnYg
bmUvd2ViYy9zdHlsLm1k,y1l_WYn872AVG1pZT1YmQg
bmwvQUdFTlRTLm1k,SQFiRru53IDAgnimaKlT-g
bmwvd2ViYy9TS0lMTC5tZA,ziR_Otd3bD3lED8afBfAkQ
bmwvd2ViYy9kYmcubWQ,lVDOYMVxTH_D_LP8OGQTuA
bmwvd2ViYy9kZW1vLm1k,IOkodB36dLcLkUd5_4ihwA
bmwvd2ViYy9pMThuLm1k,9UP56YKCth1VOD69DZwZyg
bmwvd2ViYy9qcy5tZA,ty5R33miKGSpL4ge8sUyIQ
bmwvd2ViYy9zdHlsLm1k,yhPYlXuIbZlUvrcw9o9t5Q
bqU0kvsdvcmDT7KWFu9Siw,QOyGQx0VWXsFxEgb2kJC6g
c2QvQUdFTlRTLm1k,ZLHrQXNjNa33HBQVkfbnxw
c2Qvd2ViYy9TS0lMTC5tZA,wuVAjM4wKfaHzvArE2nuDA
c2Qvd2ViYy9kYmcubWQ,Yp4wIWcu-N_PWzYxexjffw
c2Qvd2ViYy9kZW1vLm1k,hPkDDE-BI5HeeYal7qN5og
c2Qvd2ViYy9pMThuLm1k,abgi60_hkwFhyIj4FUR_YA
c2Qvd2ViYy9qcy5tZA,nDV4OT0VokJtnTOUZhA5Ig
c2Qvd2ViYy9zdHlsLm1k,vLFNI0dEPLS6eZkvojJnzg
c2kvQUdFTlRTLm1k,9AqqQckoxC2HIUmAMcwzxw
c2kvd2ViYy9TS0lMTC5tZA,oLlr1uU8KQ6rCos-mw5XJQ
c2kvd2ViYy9kYmcubWQ,iKnTvwFs6Vx3HcyZEnYEhg
c2kvd2ViYy9kZW1vLm1k,-p8ohvOrAr4MaKfAloIP2w
c2kvd2ViYy9pMThuLm1k,j-aGoWo7vp5ZOwt2rc41cQ
c2kvd2ViYy9qcy5tZA,QNJG1QXBf93EwG1uA4961A
c2kvd2ViYy9zdHlsLm1k,bcb0NgRnlqzz9_qyFDSRww
c2svQUdFTlRTLm1k,RdjgHe34yFW3pYcVi8AAAw
c2svd2ViYy9TS0lMTC5tZA,09CCaWxQ3fcBe-uc3l1bcQ
c2svd2ViYy9kYmcubWQ,3GOO-AZY3Zp-7WjfWhapPQ
c2svd2ViYy9kZW1vLm1k,3Tt_FZC04oS2hAtRAyGEAA
c2svd2ViYy9pMThuLm1k,MsNjjvKeB5qzJg8WeTHL4Q
c2svd2ViYy9qcy5tZA,pACgyGaGXpc61TDRh5RT_g
c2svd2ViYy9zdHlsLm1k,QudiWlpmJtaKvb_nfj_Wlg
c2wvQUdFTlRTLm1k,2Ry5xhLNA5IFK4LI7nbz6Q
c2wvd2ViYy9TS0lMTC5tZA,e_YAOngmwmQArgcxz9oDfQ
c2wvd2ViYy9kYmcubWQ,6pFoPf0Ifb9PK4buYBHBJQ
c2wvd2ViYy9kZW1vLm1k,iz4MEnqoBaElWrnVKQ465Q
c2wvd2ViYy9pMThuLm1k,jX2kg7jcO9_OHgGlgHi-Jw
c2wvd2ViYy9qcy5tZA,obKQ1Zxcw94zBptD_eGVNw
c2wvd2ViYy9zdHlsLm1k,wbVxaI-NqETYjjQq2vzNyg
c3EvQUdFTlRTLm1k,3sGo0h_HgaXJRJ9-JrS7MQ
c3Evd2ViYy9TS0lMTC5tZA,7LsdLxHvUmINRdH6fOWFYg
c3Evd2ViYy9kYmcubWQ,QxdGPDkX5OW17MtD35nyYA
c3Evd2ViYy9kZW1vLm1k,0mQ9oN7A-ynlAWBxf0fujA
c3Evd2ViYy9pMThuLm1k,Nky_csc2z3illLBrJsbL-Q
c3Evd2ViYy9qcy5tZA,oOhQ30QX4RpOaHEs7JZn9Q
c3Evd2ViYy9zdHlsLm1k,IOgexNkHehHkQkM788tM2A
c3IvQUdFTlRTLm1k,AD-tldASzqh5wdUHZNGv6Q
c3Ivd2ViYy9TS0lMTC5tZA,aZg9KoRxY__kS5xdE02wIg
c3Ivd2ViYy9kYmcubWQ,Lgg2t6Movv-k73j7Drxznw
c3Ivd2ViYy9kZW1vLm1k,3Z7EwZm1Ab-KHrCRgb6NmA
c3Ivd2ViYy9pMThuLm1k,l5-x6X6GW-viW0Pnubhe-g
c3Ivd2ViYy9qcy5tZA,URkLV0db0VhW4xxZwWlwTg
c3Ivd2ViYy9zdHlsLm1k,ggPOrLyKRNg7Nk51ZB56Yw
c3YvQUdFTlRTLm1k,ohiOek6uxS1VyezjMb8U_w
c3Yvd2ViYy9TS0lMTC5tZA,VJXGIFMsGOmK0cpOKUmq3g
c3Yvd2ViYy9kYmcubWQ,hoO1eo9NSmhfCpVxYin26g
c3Yvd2ViYy9kZW1vLm1k,4MS41ksPH3igjQfbjrygUg
c3Yvd2ViYy9pMThuLm1k,9oC9kPRWOkusKBZ2AGMBVA
c3Yvd2ViYy9qcy5tZA,wcGm809CCywrwwoctGRoIg
c3Yvd2ViYy9zdHlsLm1k,JzEEZrwL-0IbSc-IiUXu7Q
c3cvQUdFTlRTLm1k,Bu135ilsfV2GeMU7e8yyTg
c3cvd2ViYy9TS0lMTC5tZA,5eDOn7_OLQqS2LwZH0Kvhw
c3cvd2ViYy9kYmcubWQ,5r7EJIamqDLjK5to6TdY9A
c3cvd2ViYy9kZW1vLm1k,kbLil5rshPlPEQglC63J-w
c3cvd2ViYy9pMThuLm1k,fEK2J3tUg6AMgGNL9_t5xw
c3cvd2ViYy9qcy5tZA,FhsdGfO8Fgrl5ftGj4e6Iw
c3cvd2ViYy9zdHlsLm1k,vb94WpOLmZtA1B-xR2iRKw
c8I2BpBnRY-TWa_ZCNjpNQ,DqB9V77oG1anSMIaU48HGw
cEPX6qqvwCZB0AcZoFIFkg,aOBVsi4kw2TnZL3xyVkWbA
cGwvQUdFTlRTLm1k,k-xH7OEuwYR332jpys7-dw
cGwvd2ViYy9TS0lMTC5tZA,-PUjZ5Rg-kWehp__o6d5Pw
cGwvd2ViYy9kYmcubWQ,jbYFK5nG3zNKNiI2RpQN3Q
cGwvd2ViYy9kZW1vLm1k,lHOkTual9InDdTpeaEjr6g
cGwvd2ViYy9pMThuLm1k,cA9Oa5nhj_1MzK2y16LXMg
cGwvd2ViYy9qcy5tZA,F_ISanjjlKqFjLLYZ4Nbgg
cGwvd2ViYy9zdHlsLm1k,TGJPTCPOWhEwOv6av2mLcg
cHQvQUdFTlRTLm1k,jpcMexn2FIjuUSPWCV80hw
cHQvd2ViYy9TS0lMTC5tZA,A6NAWTLcI-n0HkrpBmUX7Q
cHQvd2ViYy9kYmcubWQ,yQtiq-VrjPpFUY41smuYdg
cHQvd2ViYy9kZW1vLm1k,fFAFsjUu-CMUrcHiwCRsEg
cHQvd2ViYy9pMThuLm1k,Id81YEcFTif0bRrE3aKPsA
cHQvd2ViYy9qcy5tZA,5gH83GWTmktfr3-mJij1_w
cHQvd2ViYy9zdHlsLm1k,Sq5xMcdflhDSlI6hKBYG5Q
cHqC2VJ0TiHZP2FUF_-UoQ,cKIyUo9pDaGXSZqJm8JCdQ
cWBT-M1nhUrpzRvIZVeKaA,7kzq-YrtUCQf4F0VZKGH4w
cWVkSce9r_PBLmyyNWkU-g,z7P66vk4aofzA0jT3fE9wQ
c_npcLnhnwCOuQI0kqF3Kw,Lcng9R8K0_dfiTk2vC0Hgg
cjF5_iNTWqc9AP2hJU2ZDQ,pkAWrhSQJkoDVO1IVnG-Xg
ckRSmJkjV08xrZNOr9Pt4A,b8YbWBU5vPxj9XWR1He1_w
cm8vQUdFTlRTLm1k,oCMlTelp6WVuNJStPyuvqg
cm8vd2ViYy9TS0lMTC5tZA,MGSIlx9vC422LERWARKEbg
cm8vd2ViYy9kYmcubWQ,UAozeC1qqo1ye5Q5u-4BIA
cm8vd2ViYy9kZW1vLm1k,5Px2pyx1wDgh91VUvw0Fdw
cm8vd2ViYy9pMThuLm1k,e9XCsU13YVKx537-RFvomg
cm8vd2ViYy9qcy5tZA,W1-o6IBxicNMFBKsvG92WQ
cm8vd2ViYy9zdHlsLm1k,SInXOXShZLowpocPGKy3ZA
cnUvQUdFTlRTLm1k,X_XzXjZqpfCbqinNXcoVbA
cnUvd2ViYy9TS0lMTC5tZA,FFdS2Te1OKhf4hJw6edqSw
cnUvd2ViYy9kYmcubWQ,3PkmsYmm7123C64OfnrsDg
cnUvd2ViYy9kZW1vLm1k,hDjtSV_49P95ofMgMaI-FQ
cnUvd2ViYy9pMThuLm1k,bM9QJH1kAtzN-5ZzXDI1fw
cnUvd2ViYy9qcy5tZA,h1yr8x8litN3BM9mbGtyDA
cnUvd2ViYy9zdHlsLm1k,LpYEBRHAjRzWKDy8TgZFTw
cqiO_6LLXZNBL1ARMSgSPw,oC4rh9IHff06DZwypkLFmA
ctCoFP9PpHon5CpuG88dNQ,ON2vWlIn9980fS2AVIZMFA
dGEvQUdFTlRTLm1k,6FDkG0yUP99Bc6UG6zgF0A
dGEvd2ViYy9TS0lMTC5tZA,hsaSlOA_PUr0gVQBY3oRVQ
dGEvd2ViYy9kYmcubWQ,6HtYzTad08P44dJRUiqDjA
dGEvd2ViYy9kZW1vLm1k,P_l5w91fr5uG8b9Kov5gHQ
dGEvd2ViYy9pMThuLm1k,So0ezdLxLPZezOiB4lTtag
dGEvd2ViYy9qcy5tZA,pjP8GPVHRyOyEGxMa_GBZw
dGEvd2ViYy9zdHlsLm1k,9tnQMPFcfB41hOZnncpL2g
dGUvQUdFTlRTLm1k,yjKseI42_xnTxqP6i4QvJg
dGUvd2ViYy9TS0lMTC5tZA,9rcJrq_BXcCJEIU1oIpRAQ
dGUvd2ViYy9kYmcubWQ,5MOb-RuxZGtRVhtOL1wDxg
dGUvd2ViYy9kZW1vLm1k,z3gK0RnqLYDMgABvn71bPw
dGUvd2ViYy9pMThuLm1k,CSnP7ryG3ahd88IwZzsJBA
dGUvd2ViYy9qcy5tZA,IHWumxdedcnpf8Eo6rG0qw
dGUvd2ViYy9zdHlsLm1k,uY6ADS9bkFPDM7Ig0gG0-g
dGgvQUdFTlRTLm1k,li4uiInUtPCvMu-6fugL2Q
dGgvd2ViYy9TS0lMTC5tZA,8mb7nagAEeSXvda8fW_Wkg
dGgvd2ViYy9kYmcubWQ,tlfnn-KQDvh6ZvRP98c51Q
dGgvd2ViYy9kZW1vLm1k,rh1uYieuheijH1TgPgHUCA
dGgvd2ViYy9pMThuLm1k,0xlQLAYRrg3x8jZDhPgyyQ
dGgvd2ViYy9qcy5tZA,WDim0Cd4mbhJimsU7jW0cg
dGgvd2ViYy9zdHlsLm1k,JjHHIn88I4ON00M4Icf9fA
dHIvQUdFTlRTLm1k,boWf15lbBX0iGjnCs2ZIEQ
dHIvd2ViYy9TS0lMTC5tZA,wTmd-yo3czotGS0bgoffpg
dHIvd2ViYy9kYmcubWQ,Y-QPlwMluSAvxAowUiEqGQ
dHIvd2ViYy9kZW1vLm1k,ThBXFnTr4dUeYTUetVsxRQ
dHIvd2ViYy9pMThuLm1k,PIa1BwNfaPq39_645M25zg
dHIvd2ViYy9qcy5tZA,CyRx-PIf4YjlvqXkyhQCVw
dHIvd2ViYy9zdHlsLm1k,jTX-0QH6J_P3F8OdK0W0RQ
dI8DHzxJW5wOrRW4CaMMsA,Tlhg3ki14_EzyCozSJ14JQ
dPjNGcwED2HrUAIUYtNW-g,gmu43xRR4aiNlQNMdl6_zQ
dQ6KVEY553bDCwVkuykpAA,S0FWs-YVZx8onQcGCxUWZA
dWsvQUdFTlRTLm1k,q05yBzLj0pv1PbTI2mllKg
dWsvd2ViYy9TS0lMTC5tZA,c_B8AvF6D7eZ10cy1vILBg
dWsvd2ViYy9kYmcubWQ,E0Y14t3vmHmSMqV-S_bC0A
dWsvd2ViYy9kZW1vLm1k,3QHGG3j2Fg31ZTvJdj6yag
dWsvd2ViYy9pMThuLm1k,RcB2GkY0LcTjiOWp12psyg
dWsvd2ViYy9qcy5tZA,yvwrfkqYq6uqse9pXzC4Eg
dWsvd2ViYy9zdHlsLm1k,EVII91cgsoDoBuvJXReDyA
dXIvQUdFTlRTLm1k,ugnOHSxzkrC33-37XRo9Qg
dXIvd2ViYy9TS0lMTC5tZA,8n_811Ei2fiPfzdfYzhMZA
dXIvd2ViYy9kYmcubWQ,jS03Ca895fzLaPIQ-OYrkw
dXIvd2ViYy9kZW1vLm1k,ua7Y6JRIUFSZWAeZysWwVw
dXIvd2ViYy9pMThuLm1k,v0y3I-5VmO9lzEGEC9Y-4g
dXIvd2ViYy9qcy5tZA,WGAsHds0iWf_zhxkKZhPUQ
dXIvd2ViYy9zdHlsLm1k,UQc0p7FXBZRVs4lFBAUYpg
dXovQUdFTlRTLm1k,tBfpcSZFkxfC8Kr2jm_v2A
dXovd2ViYy9TS0lMTC5tZA,oFGJUdrgbc0wcegxrIYURQ
dXovd2ViYy9kYmcubWQ,EKKh5eiFhb4e1xJliXmccA
dXovd2ViYy9kZW1vLm1k,3K9Nzh50NNr8JvZ3wbjwPw
dXovd2ViYy9pMThuLm1k,Dhgkd5_aIc5ynZnXXS_kcw
dXovd2ViYy9qcy5tZA,_eV_jBhhDWOfd9_WHr3M4Q
dXovd2ViYy9zdHlsLm1k,c_-birN1vkmMJQHcsk8h_Q
d_9bEFF7PzEkbAiEqWKqog,S978-vkySRSQa-VeoXgCLA
djHI7ICn-KNfYsaGdlTozw,_zpxogNwcxH8i3KkkMOj1Q
dmkvQUdFTlRTLm1k,SEnv9xFabNE_F5RVOAuimA
dmkvd2ViYy9TS0lMTC5tZA,q6sJgLbpW_O1pzaUuFZBaQ
dmkvd2ViYy9kYmcubWQ,nyuAN1UxLl22twBuB_PZHg
dmkvd2ViYy9kZW1vLm1k,T5wOljL9ROF8SIsHwV9mGg
dmkvd2ViYy9pMThuLm1k,_i57ChkVpC6-NcjMhZwH0g
dmkvd2ViYy9qcy5tZA,d8-Sx-4BirIYSuLE-nZDaQ
dmkvd2ViYy9zdHlsLm1k,4_dS3tC5JGjihNw2-voqPg
dxMbCTIepRKsodWWaZUWTw,5un8zQEuXEaH0xac_1FcaQ
e-qkXP3YcbthD-xvXgsayw,EwyiHi74hkCNmD3823GIrg
e1UVmDfCmFGi7WoRCQiIYQ,xyZu5RKtNY9Clrlg8wXJOA
em6q2_r6O2ffS9rrwVPErw,oRg2CTtg-3kHMZeq439yQg
emgtVFcvQUdFTlRTLm1k,A4mlUBckqvZoGNHm5CwP2g
emgtVFcvd2ViYy9qcy5tZA,tQrECzFI_9-JmLWAMgWReQ
emgvQUdFTlRTLm1k,iKsxL2ggVgZGjvnR-HJa0A
emgvd2ViYy9TS0lMTC5tZA,D0-U5n-a4U1qtHf01vqEfg
emgvd2ViYy9kYmcubWQ,UFDA9HiSVKXGopbSHn4a8A
emgvd2ViYy9kZW1vLm1k,X8x9cIz_LzwdBQhf-oM24g
emgvd2ViYy9pMThuLm1k,zHrC-jMKPnzyOafIatFYmw
emgvd2ViYy9qcy5tZA,JRDs6EX07dymufywHMepGw
emgvd2ViYy9zdHlsLm1k,QGCY1h-Lo_u57x0seGxkiw
era4TLF4cMQ5jXGNJy-4_Q,Z-IONBSBElRCJOjFq7O3vQ
ewp3d0kyPUfPLmoK9deK4g,4M42Q61KcWA5_1SOJhXTTw
f4vPoZNDAfS8b2BiGRkKqw,aCUI1LcPnaByuTiUEiDeJA
fABmLTvXn7oTvwWw84TgRw,YKyY0NMifrBp9FOCezb_gQ
fBEY_mkoZWC2Vyt02E-sVQ,lIQKm8OPqlnreHunndx6hA
fHPe6aQ6MghwbrA_R5Wn2g,g6CqfwG9MEEb84_8QJocOw
fJ2v8zl8VOTx_Mv9cqJajg,dtl4zUi-sd2BWcaCsUv5aQ
frgJL9izZ-I1OLm27YNJZw,G1zEHbcN0fXk8_DgHQPB0Q
fwddib9CrNY5QroYgDffag,UnLO_x5ihf07_eCt78LyrA
gAjrff0jbnVFBxaF0ieo7g,v_L97D6Eh2gGoqvSlumS7A
gOSqlE5r-eXZ1hL7kiimeA,CmzYa0r200_guq4cy5LvDw
gRbusJL0raNwKl-DfOcmUg,nxiqnAcVjbwE5pAkj3lZfA
gvWX4IWJ1EzWa6NXeO23QA,weYYOvaYAOqo_1NFLSfnJQ
h2RdTzZZqVIwCbQjhMt15Q,uiCR6-V6zgH_a8oGhxDbIA
hKL-ds4jzKNF0aFN9e2vdQ,iivxH9JlcEQjBPdRrZjlWg
hNzs9H9sbV4LCd2yb8132Q,sWvObijqvjvGQUzgghlOVA
hWZ6Yaikt_Hu5J32DcQWTQ,RIidaFJOyv9lQ1UDG3HrGw
hZZxO0jrHkImyB6IdqWp7Q,oq91ziOQ-4ZdmWfImgJ_6w
hndPFFP6jA9RAlHniiDQ8Q,EPHRzduJZ9dLdaBvCPZraQ
iB4oPqWZfFMev3JZelWhbw,LXjla-ViEPEavjnaJk1YTQ
iOWm6ZGwpCKHQ7OJl1dwRA,29mmlBOk7DWgTyzgIaF5ew
iWn8Br7-BJlcvgD6xLnjPg,wbsr6Be-ZXXZX1qIEhyETQ
i_CKPpPtnytt8tjkd-7TwA,QR9G-8uEFVDUAQOjRDGV6Q
ii-AvezZdkLnkVDe8fREhw,EoM5v0IYWC6v7gcdOOSaWQ
ii4MkdlHmsLX6-9A2xzqmA,3hGKQZIBY5Oy_dEapl6CBg
ik9yYE6Q20RXony0gkwEkA,oedh13ttgmiXpu5_4i9arw
isCyQaI2GiKrznOKPZ-myA,5RQ2b1cf834byMOJJaVNEQ
j4qcWALmZWy2B-7pmJDhZQ,7dm27i_540iq6gAm5iyPLw
jHgfK6_9Rk6oSX1N1oBDyg,Xk2LAIOy3-rKwteveAKDxQ
jN7gQiLNbl3V0ogKY8k2Wg,v6YmiVVjyOCURUklzGs4ig
jbqwAQhpdsD0PqsrMbWloQ,JiNDgHOF4visgngPjnPnKw
jkzHHN_LLbiNbMa-a-KXWQ,MC_8sAbP287jxZycbhU7fg
jmTYM5McP_Y8K5SJh6cRPQ,EefzFbs-a3cUwgs3COOVLQ
jnEeXyDP2jBQAgxvr2MQnQ,hSciL3ZYtaRDwUmKmwZFoQ
jottbQyoybL87Z087M3z1g,Ad397Jg_9YoGfQeODGFNjQ
k9FYefSvw_ESlLwSJGRyMA,mz605aHe1sw5asPij2jHrQ
kLnRyakg_LP32-NEx8NlRQ,f97Q9lt5PvSYmxnTcNPe2w
kVYFD2pOcmA0G8I5l56JiA,OQX-vAvyLmzTwDamqoE8xw
k_AB5BLp0v6wT97KsPezbQ,JCHUo84MEyBeYfcK-ztliQ
kdBTnr5xSSSl5XgkB7UgjQ,FlnRz3_oGPefDDmr8nbUAw
kec40l6L9hjF_8fdIXxgqg,N-FVvo8MQzd-AvMNOzv5Jg
kfYbA0EyF7hzxLbB3_FBSg,vaBOOEPOTu7g8aDXLxnO1g
l5xwDT6qSkfsXYw_IT29BQ,KyyRXQaTDsbNejZGjSn5sQ
l6YqE25xuQiA6CBOIQw2Cw,0T-MI05S_X6Ph5fLE7UUaw
l7qqAyrNZmwcglIxNBLCFA,_-QCkW99xz5ot9B89SQ8gg
lBsqIsKxaxXeBahSqBn-tA,-6zwSTNCYJLevAgJSpNpeg
lXuAjfuUbhuqPRmN-kjLQg,5o2vvRkBwGz32vhrnA18GQ
lfmIxBedeXdNh_oBY4OZdQ,VASjCLBgLDLyvD2E7g0gFg
loCnhzrcl3YOtGzXAvzWbQ,2XNd67EKCExccBOZe2StGQ
lvri1CWYHBp11gJBhAWPew,n8iBhSh44m4x9LjgBDHHhQ
mGpHSNIKnFA_GvjRRQMVCw,cxNIf2TLIUBPjWLHtBmloQ
mVZHJBcProdtqdjIhiUIQw,WNCSAuFvf_j_KZZFQu8hWw
mdKyhychotFEc3c2QW6VyA,G3_uwJaopZwPzcZjuL_j5A
ml58mEyLpbfEMm9OJCUPOA,lg-KooxMDOVl9wkSyIdmYw
n-dt_NkwQdeymtEMI6TLpA,DAeUbCI_vyg5yavg3REnkw
n8cjpycvp_klSEZP_4RU6Q,KFu7F6162APjNtZEdmH5kA
n8gaMxU2Tw1mzKgONYk5Bg,A4F20VdaOiq4npBo_jYtuw
nSMDMpRi7JIuOIGdstXcVQ,48-V3OWkVEag4CDW9BQqnQ
nZ1Ps5c4k2n_Ies570cu3g,4d6BAuljEYmUCV8jRC15Zg
npdg_tuybM4ZF3ZqqikGUA,3YAR8N2iRi3WjXxWIzTVEA
nrhjEomTed0b7EStxptc0Q,_-lwVWkdaJKK3FT12Gk4tg
o-qNqvqBHdf_Nwbn7QPPYg,Fez5Y-xwho-LlgZeZ17Uqw
o9KE0JyV2n1Mu55HvKwELw,2ad6tdcoDCU0Tj0aJnYijQ
oFIvoBL-KNfwyGNPTl-bQw,10zlKHGLjb4H6R5744Ws-A
oKdFHkaKE4LdfLXCsmJBeg,SOMSjxwk7gLo_6UMdetojg
oSYEEza2JCjiD1XzUoI_UQ,bc5Q1_VBkE2TCHVlKQvnuw
oSrbcEVaunDxXM4XB-i5-Q,TcD91uTGILE69m1Ka9p15A
oT4wwSiWdPlOodT5hDkZLA,jY34xa3tI93JCRXE3cCIig
oY3loy9KTzrCevzQoaHpvg,_qpPk14LpM9sV77j31QwAA
p4YnEMr6Jtor56ctflZnPQ,wYrU9WjpDIEU47vO2P9XRg
pEzd-Q5MDaA_VOPxo4rEcQ,B1acTVaxsqztLDob0oA5-Q
pInVYMoTsPy7tFCzOUMWwA,HpptE0Uedwg1Yq5Kul3vWA
pMUQ91hDtBwVhQlE0npj7w,J3Ffy_aCboBhP4KO_T1f9Q
pPhyMEgd3QOAE_Iuqa4MIA,8vnSv2KYQ2-7o2im_4EJrA
pmIe--e8N8GKSbswyOW0VQ,YAPUPdbMQwEgO2hVZaKeOg
pzqmnzctGjMO8VMSz6HLHw,incMVL9UcWsGL9k_FunZTQ
qHS2borNLme7yUbllpr-ew,mMBKaT-z0b8c4UWdk9YQ5A
qR5pkFqII97S1Ri-a4fzig,GalbL_SxO0WwK2i9q793gQ
qZa8PuD-ZscPNHMIGiE1zQ,HGt7UmGhrzhBIGFVQzsybQ
qcbjSPKStLROaTnJq2gZ0g,PIv8deLkFX6lVl4mTN7htg
qerJiMcoiCu2FGiRV3A3bg,I6Ac4q4Dfta5MRAI7fh1nw
qi4Im3PyUizByjkg6V_Tog,xzcZe5fatbnPjGS8HE0vYQ
r3GKt0LZHXZkjvtB8I89hw,UKWtGjgq9YQqAHrMSmmdWg
r693VCG810ul2p2IbSGCCg,2KmWSa3fdzkETcErzn-b4g
rFXMXsyG7jfLQR5GDld04Q,3fsAG2z-jTlXtHemyIj23A
rmNXE0zVQJ1i7l26FXGRzQ,61pLdsvgZSK1y8rsBP00tQ
rokGQ5FxmGqMh05pWoxOqA,eyNKjz38NBZbdPsWJMLNVQ
rs1c1Bkof-syinzUOXiFlw,iLc5_SE2RFSOMJjFuq-D0A
s3ghw2Q7Z3yuZREITqXJhg,ABqBZHARfwLKYXG5nnfXag
s8SuBW1wHMWl2nOjGnljtA,ZOOFyRA98pu02fwg9OroDQ
sQb-P9ZOeTp5bwKfdySEew,kABaMlveNfwYHtV1J4EpeA
sTuZJOuxkQidl2sDYsGx5Q,WVEXfkEfkOVvJcvV4Mi9dQ
sZGhxH7zm_r11P2ynmuf6w,Th_wHg2SywTA38i9FsQPUg
sch7TJrIrfuzOE3dXnNoyw,6sl3rcyj00F8rU0L6DgW8g
ssSb0hH1i8HmyfP8x8CDIA,Qc1EnVA_YMxz6FrkKyAh9g
t59E_gVXR8SzWxSWwuCERg,GF20zau-32ReFIDP1-NGsw
tptcPlUEXjsKqX3EXJj6qg,Jxms6CFmvwhSsjQMqBT0Uw
tsC_GXrNkootaSEy6SCldw,gJhety-aZt1oAlmwKGgTCw
tycF0SiKO-F-7NGaftGDiA,Z68oo3TNCXQnBYDAuZND_g
u1934f2lFMPSwJ45tW4O-w,R4Qlacwo9pdNAKNO9obgcQ
u2zjouRzw_E8_dpS6B5xNQ,9m-VfQqILIyAQzoTDE3W7w
u9qF7oTJLZ0MKOf9sN9JeQ,VxHpcIPL6GEZZRbPD4tbsA
uGyAxlT3X75S5GmhFHVgFQ,QKnrO13HZJd_KWge0WCOKQ
uLxbDZJAFB7xPp9TS0UNbw,L1rWS_KqKujOLXJett_fJQ
uTfhcqBB5ebxbGtJQ8RfNg,cmRdS0q1kqPkik4L-w5BJg
uUdB69e2pDFSxX-60dawuw,BSL6gycRfn_pUzgVz1ey3w
ugDvUUG5eKasZW6KSU90IA,wkwz6ZpK1YiT8u2GNrnw4g
uoeTBEBNUpq0Nwoi3fG5_Q,B0Cm6tmeMzZoFCiBqC-Smg
v1rowZ8usDTpftcJ2ouZiQ,YAdND6Q85HEwD_qKIHpnaQ
v2plWuoK9RaYQ1TBSejNCA,oEsrVdSluGCdsru4s1-Sgw
vLelrRlQFJZHf_Y-lhRceg,TUFnYMH32mDAKNCKpBSorA
vUcCB6wieCD4ZU2CHo9aDQ,f1rkZ9PRGLzZypziwmDncA
vWIR0dcOJYpdUwrw9DmBzQ,OxyvUkbw7RTBkiDq0Q-ldQ
vo-O6SLkw6furpkoucJtEA,pBuTX0BhsZNT8yKKq0Gexw
vqmSafDQa5gIHOYRim1LNA,Wmp8iAk0-9iDSXJGxvQrJw
w4l_wRMRE26tB21zG6s7yg,HmhhlMtuxlZYJYwFj_g86w
w7gJgtrzXLsOpt0kIgkkhw,iEtY3I-RkSUYawBGIFkI-g
wVsujVW4lOxqeSwc4--9ww,KcnTOsj9Iw1BNI7spwGzIg
wa_78cPRGS6uZ_bgM2NDeg,LNckyl5mHcaAk0JxCFiF8g
wiKr3YdaHmrirIwxSZ9WCA,Me1gi4R4rWjddI4T8zoxAw
wkdv40lvHtDkGfFzH3z6ig,6IbmS2NppQietdq9g1Xnew
wpSowNgdLSEB1eQXTc8urw,Cg3o6Ff8lWMhydMvRzH3gw
wvEbhdIp3_81z3NYK-9FPw,6XmA30l_DtkAAZ7ZQIVHOg
x1ZPiuf1qyksmHeqApQeTA,BCMKfAVQMJHqF0zQdTU6UQ
x31FquP6dUJVvQSy_MrANg,zcr5cIqZD9vgYHuuusS5tQ
xUrsruIVzV8gsUjgyRRUIQ,4xfVIGD2gr8b7slKYGT-0w
xZ7o8sU_OA6M9Qg2v_O7Aw,h7wV0yGyvVc0vXMBRIizjg
xeKyd3rlVGLk7ieES3uzsQ,5xRvz2VM8YdXiuMrqmKpmg
xfvJ3p-Bf1P6JsH_-2KCIg,8iILHCU7hV8-DeVIlotK1w
xoXWSXNs6n73xgvlIaTe5A,6zPVNafNuhS5-Bj8PmEolQ
xxjcD4uNV0VMXuD1JQcaHA,az2r-WQq62dkRLKFplXuWg
y4Nenx3nvjBKQVXAVnxElg,RT_K2P2JG4qelWIp_hiv3Q
yAjG_ter7F73Dd4DMsNOXg,valvmM7wC8skLHTCTJP41w
yPL7AMbUx0zKE9llXSAgbA,0FKjcuV-3sziyBoBu5LFZA
yT0zCLDnJSLxaoRmZmKRXw,hEITJFDhqjOylKhJ2LzsjQ
yU-wG91QeKDTCtPQ9YEMVA,dUUcuMCRvq-HSY7lycDsoQ
yddZWzT1dzEZBh8LLj8FoQ,pHpMc2GDKHhjTDEOm8h0Vg
ymB5VhiQNS_KBfcV28Xytw,PZlE9tg6u4jz48yKryFLkg
yuNLqpddngVZUu2AgEAzwA,N_BxeBXQFcC5Gonqwgx7FA
yyrXOb0J1UmnXGGyF6_z4A,oBa8S-_Cq9YUavAw8gPsnA
z6QW51-jtUWAruUQOyUc_A,pjpD8V901leLKMAZtpT5rw
zC6sr3fBBrAITXlQWzGp4w,Q1QTpang1wb6Sh51v9d0eQ
zF8ZOb4ly0Ss6jJnTYcCSQ,2TfRt27xYhRYx4B-o73GLQ
zGU61Lr6Wdss6ce-IvKdlw,8VQ_rRGgsg92UbNOqx9wJg
zH8yZRrcK3l8fkgIqCTv_w,BsJCbbXf1ukLSkUDY0ol9g
zHDcx8VVX7pj74TZ4Uikcg,476O999GHYSM-BfprP7u9g
zUja63HKrMikVCQ65YJ2MA,HPXp7cANBJvo_Jg88WAapA
zVZsGppBJSBKrKFo5Nnu-Q,6Uw2CbkyNI7IXGP6p18neg
zWMMPvvKmB9QUkzJg2-SrQ,zwAholp7OGGmQBFPrFmbjQ
zelsm2ChJELT3ez8nUa-cw,fB51RYWHMJEy26to4_Hp2w
zkFS9QkPHdjqriurtzu1zA,RTXwZrryoIq3itgGYuIB1A
zm3CwxQ_e0JQz-wnvfHeQQ,XaEDhpuI1XIGxfJ2KD4Ieg
zwf6yVKLoCebnmvw7-5Rrw,HTnELXQWCE3vaQ50zyYmbw
zxNorVjaLt91Oy5SxBFK2Q,IodBH-bPDI0GZO3PoRdv8g