fr/AGENTS.md,1340
hi/AGENTS.md,1340
ja/AGENTS.md,1340
it/AGENTS.md,1340
ko/AGENTS.md,1340
en/AGENTS.md,1340
de/AGENTS.md,1340
ru/AGENTS.md,1340
es/AGENTS.md,1340
id/AGENTS.md,1340
ar/AGENTS.md,1340
tr/AGENTS.md,1340
pl/AGENTS.md,1340
nl/AGENTS.md,1340
zh-TW/AGENTS.md,1340
sv/AGENTS.md,1340
no/AGENTS.md,1340
th/AGENTS.md,1340
ceb/AGENTS.md,1340
vi/AGENTS.md,1340
ms/AGENTS.md,1340
bn/AGENTS.md,1340
mr/AGENTS.md,1340
fa/AGENTS.md,1340
af/AGENTS.md,1340
da/AGENTS.md,1340
ro/AGENTS.md,1340
ur/AGENTS.md,1340
fi/AGENTS.md,1340
ta/AGENTS.md,1340
cs/AGENTS.md,1340
pt/AGENTS.md,1340
kn/AGENTS.md,1340
gu/AGENTS.md,1340
kk/AGENTS.md,1340
el/AGENTS.md,1340
ca/AGENTS.md,1340
hu/AGENTS.md,1340
uk/AGENTS.md,1340
te/AGENTS.md,1340
sk/AGENTS.md,1340
bg/AGENTS.md,1340
eu/AGENTS.md,1340
sw/AGENTS.md,1340
hr/AGENTS.md,1340
cy/AGENTS.md,1340
lb/AGENTS.md,1340
si/AGENTS.md,1340
az/AGENTS.md,1340
sr/AGENTS.md,1340
lt/AGENTS.md,1340
my/AGENTS.md,1340
gl/AGENTS.md,1340
sd/AGENTS.md,1340
sl/AGENTS.md,1340
or/AGENTS.md,1340
be/AGENTS.md,1340
as/AGENTS.md,1340
et/AGENTS.md,1340
km/AGENTS.md,1340
hy/AGENTS.md,1340
lv/AGENTS.md,1340
ne/AGENTS.md,1340
bs/AGENTS.md,1340
ka/AGENTS.md,1340
mk/AGENTS.md,1340
lo/AGENTS.md,1340
mt/AGENTS.md,1340
fil/AGENTS.md,1340
iw/AGENTS.md,1340
is/AGENTS.md,1340
jv/AGENTS.md,1340
uz/AGENTS.md,1340
sq/AGENTS.md,1340
en/minify/SKILL.md,5
de/minify/SKILL.md,5
ja/minify/SKILL.md,5
hi/minify/SKILL.md,5
fr/minify/SKILL.md,5
it/minify/SKILL.md,5
ru/minify/SKILL.md,5
es/minify/SKILL.md,5
id/minify/SKILL.md,5
tr/minify/SKILL.md,5
ar/minify/SKILL.md,5
ko/minify/SKILL.md,5
nl/minify/SKILL.md,5
pl/minify/SKILL.md,5
zh-TW/minify/SKILL.md,5
no/minify/SKILL.md,5
sv/minify/SKILL.md,5
vi/minify/SKILL.md,5
th/minify/SKILL.md,5
bn/minify/SKILL.md,5
ceb/minify/SKILL.md,5
fa/minify/SKILL.md,5
ms/minify/SKILL.md,5
af/minify/SKILL.md,5
mr/minify/SKILL.md,5
da/minify/SKILL.md,5
ro/minify/SKILL.md,5
ur/minify/SKILL.md,5
cs/minify/SKILL.md,5
ta/minify/SKILL.md,5
fi/minify/SKILL.md,5
kn/minify/SKILL.md,5
ca/minify/SKILL.md,5
pt/minify/SKILL.md,5
kk/minify/SKILL.md,5
el/minify/SKILL.md,5
gu/minify/SKILL.md,5
hu/minify/SKILL.md,5
uk/minify/SKILL.md,5
te/minify/SKILL.md,5
sk/minify/SKILL.md,5
bg/minify/SKILL.md,5
cy/minify/SKILL.md,5
eu/minify/SKILL.md,5
sw/minify/SKILL.md,5
hr/minify/SKILL.md,5
lb/minify/SKILL.md,5
si/minify/SKILL.md,5
az/minify/SKILL.md,5
sr/minify/SKILL.md,5
be/minify/SKILL.md,5
or/minify/SKILL.md,5
my/minify/SKILL.md,5
gl/minify/SKILL.md,5
lt/minify/SKILL.md,5
sd/minify/SKILL.md,5
sl/minify/SKILL.md,5
as/minify/SKILL.md,5
et/minify/SKILL.md,5
km/minify/SKILL.md,5
ne/minify/SKILL.md,5
lv/minify/SKILL.md,5
hy/minify/SKILL.md,5
bs/minify/SKILL.md,5
lo/minify/SKILL.md,5
is/minify/SKILL.md,5
sq/minify/SKILL.md,5
mk/minify/SKILL.md,5
ka/minify/SKILL.md,5
mt/minify/SKILL.md,5
fil/minify/SKILL.md,5
iw/minify/SKILL.md,5
uz/minify/SKILL.md,5
jv/minify/SKILL.md,5
de/webc/i18n.md,1344
hi/webc/i18n.md,1344
ja/webc/i18n.md,1344
fr/webc/i18n.md,1344
en/webc/i18n.md,1344
it/webc/i18n.md,1344
ru/webc/i18n.md,1344
ko/webc/i18n.md,1344
id/webc/i18n.md,1344
tr/webc/i18n.md,1344
es/webc/i18n.md,1344
nl/webc/i18n.md,1344
ar/webc/i18n.md,1344
pl/webc/i18n.md,1344
zh-TW/webc/i18n.md,1344
sv/webc/i18n.md,1344
no/webc/i18n.md,1344
th/webc/i18n.md,1344
vi/webc/i18n.md,1344
ceb/webc/i18n.md,1344
bn/webc/i18n.md,1344
fa/webc/i18n.md,1344
ms/webc/i18n.md,1344
mr/webc/i18n.md,1344
af/webc/i18n.md,1344
ta/webc/i18n.md,1344
fi/webc/i18n.md,1344
ur/webc/i18n.md,1344
pt/webc/i18n.md,1344
ro/webc/i18n.md,1344
kn/webc/i18n.md,1344
da/webc/i18n.md,1344
cs/webc/i18n.md,1344
ca/webc/i18n.md,1344
kk/webc/i18n.md,1344
gu/webc/i18n.md,1344
el/webc/i18n.md,1344
hu/webc/i18n.md,1344
uk/webc/i18n.md,1344
te/webc/i18n.md,1344
sk/webc/i18n.md,1344
sw/webc/i18n.md,1344
bg/webc/i18n.md,1344
cy/webc/i18n.md,1344
eu/webc/i18n.md,1344
hr/webc/i18n.md,1344
lb/webc/i18n.md,1344
az/webc/i18n.md,1344
si/webc/i18n.md,1344
lt/webc/i18n.md,1344
or/webc/i18n.md,1344
sr/webc/i18n.md,1344
be/webc/i18n.md,1344
my/webc/i18n.md,1344
sd/webc/i18n.md,1344
sl/webc/i18n.md,1344
gl/webc/i18n.md,1344
as/webc/i18n.md,1344
et/webc/i18n.md,1344
lv/webc/i18n.md,1344
km/webc/i18n.md,1344
ne/webc/i18n.md,1344
bs/webc/i18n.md,1344
hy/webc/i18n.md,1344
ka/webc/i18n.md,1344
is/webc/i18n.md,1344
lo/webc/i18n.md,1344
mk/webc/i18n.md,1344
mt/webc/i18n.md,1344
sq/webc/i18n.md,1344
iw/webc/i18n.md,1344
jv/webc/i18n.md,1344
fil/webc/i18n.md,1344
uz/webc/i18n.md,1344
de/webc/SKILL.md,1233
en/webc/SKILL.md,1233
hi/webc/SKILL.md,1233
fr/webc/SKILL.md,1233
ja/webc/SKILL.md,1233
ru/webc/SKILL.md,1233
it/webc/SKILL.md,1233
ko/webc/SKILL.md,1233
es/webc/SKILL.md,1233
id/webc/SKILL.md,1233
tr/webc/SKILL.md,1233
ar/webc/SKILL.md,1233
zh-TW/webc/SKILL.md,1233
nl/webc/SKILL.md,1233
pl/webc/SKILL.md,1233
no/webc/SKILL.md,1233
sv/webc/SKILL.md,1233
th/webc/SKILL.md,1233
vi/webc/SKILL.md,1233
fa/webc/SKILL.md,1233
ceb/webc/SKILL.md,1233
bn/webc/SKILL.md,1233
ms/webc/SKILL.md,1233
mr/webc/SKILL.md,1233
af/webc/SKILL.md,1233
da/webc/SKILL.md,1233
ro/webc/SKILL.md,1233
ur/webc/SKILL.md,1233
ta/webc/SKILL.md,1233
cs/webc/SKILL.md,1233
fi/webc/SKILL.md,1233
kn/webc/SKILL.md,1233
ca/webc/SKILL.md,1233
gu/webc/SKILL.md,1233
pt/webc/SKILL.md,1233
kk/webc/SKILL.md,1233
hu/webc/SKILL.md,1233
el/webc/SKILL.md,1233
uk/webc/SKILL.md,1233
sk/webc/SKILL.md,1233
sw/webc/SKILL.md,1233
cy/webc/SKILL.md,1233
bg/webc/SKILL.md,1233
hr/webc/SKILL.md,1233
lb/webc/SKILL.md,1233
eu/webc/SKILL.md,1233
te/webc/SKILL.md,1233
si/webc/SKILL.md,1233
az/webc/SKILL.md,1233
or/webc/SKILL.md,1233
lt/webc/SKILL.md,1233
be/webc/SKILL.md,1233
gl/webc/SKILL.md,1233
sr/webc/SKILL.md,1233
my/webc/SKILL.md,1233
sd/webc/SKILL.md,1233
sl/webc/SKILL.md,1233
as/webc/SKILL.md,1233
et/webc/SKILL.md,1233
km/webc/SKILL.md,1233
lv/webc/SKILL.md,1233
ne/webc/SKILL.md,1233
hy/webc/SKILL.md,1233
bs/webc/SKILL.md,1233
ka/webc/SKILL.md,1233
mt/webc/SKILL.md,1233
is/webc/SKILL.md,1233
mk/webc/SKILL.md,1233
lo/webc/SKILL.md,1233
sq/webc/SKILL.md,1233
fil/webc/SKILL.md,1233
jv/webc/SKILL.md,1233
iw/webc/SKILL.md,1233
uz/webc/SKILL.md,1233
hi/webc/dbg.md,70
de/webc/dbg.md,70
en/webc/dbg.md,70
it/webc/dbg.md,70
ja/webc/dbg.md,70
fr/webc/dbg.md,70
ru/webc/dbg.md,70
ko/webc/dbg.md,70
id/webc/dbg.md,70
es/webc/dbg.md,70
tr/webc/dbg.md,70
nl/webc/dbg.md,70
ar/webc/dbg.md,70
pl/webc/dbg.md,70
zh-TW/webc/dbg.md,70
sv/webc/dbg.md,70
no/webc/dbg.md,70
th/webc/dbg.md,70
vi/webc/dbg.md,70
ceb/webc/dbg.md,70
fa/webc/dbg.md,70
bn/webc/dbg.md,70
ms/webc/dbg.md,70
mr/webc/dbg.md,70
af/webc/dbg.md,70
da/webc/dbg.md,70
ur/webc/dbg.md,70
cs/webc/dbg.md,70
ta/webc/dbg.md,70
fi/webc/dbg.md,70
ro/webc/dbg.md,70
kn/webc/dbg.md,70
pt/webc/dbg.md,70
gu/webc/dbg.md,70
ca/webc/dbg.md,70
el/webc/dbg.md,70
kk/webc/dbg.md,70
te/webc/dbg.md,70
uk/webc/dbg.md,70
hu/webc/dbg.md,70
sk/webc/dbg.md,70
sw/webc/dbg.md,70
bg/webc/dbg.md,70
cy/webc/dbg.md,70
lb/webc/dbg.md,70
eu/webc/dbg.md,70
hr/webc/dbg.md,70
si/webc/dbg.md,70
az/webc/dbg.md,70
lt/webc/dbg.md,70
sr/webc/dbg.md,70
or/webc/dbg.md,70
be/webc/dbg.md,70
sd/webc/dbg.md,70
gl/webc/dbg.md,70
my/webc/dbg.md,70
sl/webc/dbg.md,70
as/webc/dbg.md,70
et/webc/dbg.md,70
km/webc/dbg.md,70
lv/webc/dbg.md,70
hy/webc/dbg.md,70
ne/webc/dbg.md,70
bs/webc/dbg.md,70
ka/webc/dbg.md,70
is/webc/dbg.md,70
lo/webc/dbg.md,70
mk/webc/dbg.md,70
sq/webc/dbg.md,70
mt/webc/dbg.md,70
fil/webc/dbg.md,70
iw/webc/dbg.md,70
uz/webc/dbg.md,70
jv/webc/dbg.md,70
en/webc/demo.md,876
de/webc/demo.md,876
hi/webc/demo.md,876
fr/webc/demo.md,876
ja/webc/demo.md,876
ru/webc/demo.md,876
es/webc/demo.md,876
nl/webc/demo.md,876
ko/webc/demo.md,876
it/webc/demo.md,876
tr/webc/demo.md,876
ar/webc/demo.md,876
pl/webc/demo.md,876
id/webc/demo.md,876
zh-TW/webc/demo.md,876
sv/webc/demo.md,876
ceb/webc/demo.md,876
th/webc/demo.md,876
bn/webc/demo.md,876
vi/webc/demo.md,876
no/webc/demo.md,876
ms/webc/demo.md,876
fa/webc/demo.md,876
mr/webc/demo.md,876
af/webc/demo.md,876
ur/webc/demo.md,876
ro/webc/demo.md,876
da/webc/demo.md,876
cs/webc/demo.md,876
fi/webc/demo.md,876
ta/webc/demo.md,876
ca/webc/demo.md,876
kn/webc/demo.md,876
kk/webc/demo.md,876
pt/webc/demo.md,876
el/webc/demo.md,876
gu/webc/demo.md,876
hu/webc/demo.md,876
uk/webc/demo.md,876
te/webc/demo.md,876
sk/webc/demo.md,876
sw/webc/demo.md,876
cy/webc/demo.md,876
eu/webc/demo.md,876
bg/webc/demo.md,876
hr/webc/demo.md,876
lb/webc/demo.md,876
si/webc/demo.md,876
lt/webc/demo.md,876
az/webc/demo.md,876
be/webc/demo.md,876
or/webc/demo.md,876
sr/webc/demo.md,876
gl/webc/demo.md,876
my/webc/demo.md,876
as/webc/demo.md,876
km/webc/demo.md,876
sl/webc/demo.md,876
sd/webc/demo.md,876
et/webc/demo.md,876
lv/webc/demo.md,876
hy/webc/demo.md,876
ne/webc/demo.md,876
bs/webc/demo.md,876
ka/webc/demo.md,876
is/webc/demo.md,876
mk/webc/demo.md,876
mt/webc/demo.md,876
lo/webc/demo.md,876
sq/webc/demo.md,876
iw/webc/demo.md,876
jv/webc/demo.md,876
uz/webc/demo.md,876
fil/webc/demo.md,876
de/split/SKILL.md,9
hi/split/SKILL.md,9
ja/split/SKILL.md,9
en/split/SKILL.md,9
fr/split/SKILL.md,9
it/split/SKILL.md,9
ru/split/SKILL.md,9
ko/split/SKILL.md,9
id/split/SKILL.md,9
es/split/SKILL.md,9
tr/split/SKILL.md,9
ar/split/SKILL.md,9
nl/split/SKILL.md,9
zh-TW/split/SKILL.md,9
pl/split/SKILL.md,9
sv/split/SKILL.md,9
th/split/SKILL.md,9
no/split/SKILL.md,9
ceb/split/SKILL.md,9
bn/split/SKILL.md,9
vi/split/SKILL.md,9
ms/split/SKILL.md,9
fa/split/SKILL.md,9
mr/split/SKILL.md,9
af/split/SKILL.md,9
da/split/SKILL.md,9
ro/split/SKILL.md,9
ur/split/SKILL.md,9
fi/split/SKILL.md,9
ta/split/SKILL.md,9
cs/split/SKILL.md,9
pt/split/SKILL.md,9
ca/split/SKILL.md,9
gu/split/SKILL.md,9
kk/split/SKILL.md,9
el/split/SKILL.md,9
hu/split/SKILL.md,9
uk/split/SKILL.md,9
kn/split/SKILL.md,9
te/split/SKILL.md,9
sk/split/SKILL.md,9
bg/split/SKILL.md,9
sw/split/SKILL.md,9
eu/split/SKILL.md,9
cy/split/SKILL.md,9
lb/split/SKILL.md,9
hr/split/SKILL.md,9
si/split/SKILL.md,9
lt/split/SKILL.md,9
or/split/SKILL.md,9
sr/split/SKILL.md,9
be/split/SKILL.md,9
gl/split/SKILL.md,9
sd/split/SKILL.md,9
my/split/SKILL.md,9
az/split/SKILL.md,9
sl/split/SKILL.md,9
as/split/SKILL.md,9
et/split/SKILL.md,9
lv/split/SKILL.md,9
hy/split/SKILL.md,9
ne/split/SKILL.md,9
km/split/SKILL.md,9
bs/split/SKILL.md,9
ka/split/SKILL.md,9
is/split/SKILL.md,9
lo/split/SKILL.md,9
iw/split/SKILL.md,9
mk/split/SKILL.md,9
mt/split/SKILL.md,9
fil/split/SKILL.md,9
sq/split/SKILL.md,9
jv/split/SKILL.md,9
uz/split/SKILL.md,9
de/doc_style/SKILL.md,74
fr/doc_style/SKILL.md,74
ja/doc_style/SKILL.md,74
hi/doc_style/SKILL.md,74
it/doc_style/SKILL.md,74
en/doc_style/SKILL.md,74
ru/doc_style/SKILL.md,74
ko/doc_style/SKILL.md,74
es/doc_style/SKILL.md,74
id/doc_style/SKILL.md,74
tr/doc_style/SKILL.md,74
ar/doc_style/SKILL.md,74
pl/doc_style/SKILL.md,74
nl/doc_style/SKILL.md,74
zh-TW/doc_style/SKILL.md,74
sv/doc_style/SKILL.md,74
no/doc_style/SKILL.md,74
th/doc_style/SKILL.md,74
ceb/doc_style/SKILL.md,74
vi/doc_style/SKILL.md,74
fa/doc_style/SKILL.md,74
bn/doc_style/SKILL.md,74
ms/doc_style/SKILL.md,74
mr/doc_style/SKILL.md,74
af/doc_style/SKILL.md,74
da/doc_style/SKILL.md,74
ur/doc_style/SKILL.md,74
cs/doc_style/SKILL.md,74
ta/doc_style/SKILL.md,74
ro/doc_style/SKILL.md,74
kn/doc_style/SKILL.md,74
fi/doc_style/SKILL.md,74
pt/doc_style/SKILL.md,74
ca/doc_style/SKILL.md,74
gu/doc_style/SKILL.md,74
el/doc_style/SKILL.md,74
hu/doc_style/SKILL.md,74
kk/doc_style/SKILL.md,74
uk/doc_style/SKILL.md,74
te/doc_style/SKILL.md,74
sk/doc_style/SKILL.md,74
sw/doc_style/SKILL.md,74
bg/doc_style/SKILL.md,74
cy/doc_style/SKILL.md,74
hr/doc_style/SKILL.md,74
eu/doc_style/SKILL.md,74
lb/doc_style/SKILL.md,74
si/doc_style/SKILL.md,74
az/doc_style/SKILL.md,74
lt/doc_style/SKILL.md,74
sr/doc_style/SKILL.md,74
or/doc_style/SKILL.md,74
be/doc_style/SKILL.md,74
gl/doc_style/SKILL.md,74
sd/doc_style/SKILL.md,74
my/doc_style/SKILL.md,74
sl/doc_style/SKILL.md,74
as/doc_style/SKILL.md,74
lv/doc_style/SKILL.md,74
et/doc_style/SKILL.md,74
km/doc_style/SKILL.md,74
ne/doc_style/SKILL.md,74
hy/doc_style/SKILL.md,74
bs/doc_style/SKILL.md,74
ka/doc_style/SKILL.md,74
is/doc_style/SKILL.md,74
lo/doc_style/SKILL.md,74
mk/doc_style/SKILL.md,74
mt/doc_style/SKILL.md,74
fil/doc_style/SKILL.md,74
sq/doc_style/SKILL.md,74
iw/doc_style/SKILL.md,74
jv/doc_style/SKILL.md,74
uz/doc_style/SKILL.md,74
en/webc/js.md,754
de/webc/js.md,754
hi/webc/js.md,754
ja/webc/js.md,754
ko/webc/js.md,754
es/webc/js.md,754
fr/webc/js.md,754
ru/webc/js.md,754
id/webc/js.md,754
it/webc/js.md,754
zh-TW/webc/js.md,754
tr/webc/js.md,754
pl/webc/js.md,754
no/webc/js.md,754
ar/webc/js.md,754
sv/webc/js.md,754
nl/webc/js.md,754
th/webc/js.md,754
vi/webc/js.md,754
ceb/webc/js.md,754
bn/webc/js.md,754
mr/webc/js.md,754
ms/webc/js.md,754
fa/webc/js.md,754
da/webc/js.md,754
af/webc/js.md,754
ta/webc/js.md,754
ro/webc/js.md,754
ur/webc/js.md,754
cs/webc/js.md,754
pt/webc/js.md,754
kn/webc/js.md,754
ca/webc/js.md,754
gu/webc/js.md,754
fi/webc/js.md,754
hu/webc/js.md,754
uk/webc/js.md,754
el/webc/js.md,754
kk/webc/js.md,754
bg/webc/js.md,754
te/webc/js.md,754
eu/webc/js.md,754
hr/webc/js.md,754
lb/webc/js.md,754
sk/webc/js.md,754
sw/webc/js.md,754
cy/webc/js.md,754
si/webc/js.md,754
or/webc/js.md,754
az/webc/js.md,754
lt/webc/js.md,754
be/webc/js.md,754
gl/webc/js.md,754
sr/webc/js.md,754
my/webc/js.md,754
sd/webc/js.md,754
et/webc/js.md,754
ne/webc/js.md,754
sl/webc/js.md,754
as/webc/js.md,754
km/webc/js.md,754
lv/webc/js.md,754
hy/webc/js.md,754
is/webc/js.md,754
bs/webc/js.md,754
ka/webc/js.md,754
lo/webc/js.md,754
mk/webc/js.md,754
mt/webc/js.md,754
sq/webc/js.md,754
fil/webc/js.md,754
iw/webc/js.md,754
uz/webc/js.md,754
jv/webc/js.md,754
en/webc/styl.md,1511
fr/webc/styl.md,1511
ja/webc/styl.md,1511
it/webc/styl.md,1511
ru/webc/styl.md,1511
hi/webc/styl.md,1511
de/webc/styl.md,1511
ko/webc/styl.md,1511
tr/webc/styl.md,1511
pl/webc/styl.md,1511
zh-TW/webc/styl.md,1511
nl/webc/styl.md,1511
sv/webc/styl.md,1511
ar/webc/styl.md,1511
es/webc/styl.md,1511
no/webc/styl.md,1511
vi/webc/styl.md,1511
ms/webc/styl.md,1511
fa/webc/styl.md,1511
mr/webc/styl.md,1511
ceb/webc/styl.md,1511
id/webc/styl.md,1511
bn/webc/styl.md,1511
ro/webc/styl.md,1511
da/webc/styl.md,1511
cs/webc/styl.md,1511
kn/webc/styl.md,1511
fi/webc/styl.md,1511
ta/webc/styl.md,1511
af/webc/styl.md,1511
th/webc/styl.md,1511
pt/webc/styl.md,1511
ca/webc/styl.md,1511
ur/webc/styl.md,1511
gu/webc/styl.md,1511
kk/webc/styl.md,1511
el/webc/styl.md,1511
sw/webc/styl.md,1511
uk/webc/styl.md,1511
hu/webc/styl.md,1511
sk/webc/styl.md,1511
bg/webc/styl.md,1511
cy/webc/styl.md,1511
hr/webc/styl.md,1511
eu/webc/styl.md,1511
si/webc/styl.md,1511
lb/webc/styl.md,1511
lt/webc/styl.md,1511
te/webc/styl.md,1511
gl/webc/styl.md,1511
az/webc/styl.md,1511
or/webc/styl.md,1511
be/webc/styl.md,1511
my/webc/styl.md,1511
sl/webc/styl.md,1511
sr/webc/styl.md,1511
et/webc/styl.md,1511
lv/webc/styl.md,1511
hy/webc/styl.md,1511
as/webc/styl.md,1511
ne/webc/styl.md,1511
bs/webc/styl.md,1511
km/webc/styl.md,1511
ka/webc/styl.md,1511
mk/webc/styl.md,1511
sq/webc/styl.md,1511
mt/webc/styl.md,1511
is/webc/styl.md,1511
iw/webc/styl.md,1511
uz/webc/styl.md,1511
sd/webc/styl.md,1511
lo/webc/styl.md,1511
fil/webc/styl.md,1511
jv/webc/styl.md,1511
ja/webc/webc.js.md,593
de/webc/webc.js.md,593
hi/webc/webc.js.md,593
en/webc/webc.js.md,593
ru/webc/webc.js.md,593
ko/webc/webc.js.md,593
fr/webc/webc.js.md,593
it/webc/webc.js.md,593
tr/webc/webc.js.md,593
nl/webc/webc.js.md,593
id/webc/webc.js.md,593
zh-TW/webc/webc.js.md,593
es/webc/webc.js.md,593
vi/webc/webc.js.md,593
sv/webc/webc.js.md,593
ar/webc/webc.js.md,593
pl/webc/webc.js.md,593
ms/webc/webc.js.md,593
no/webc/webc.js.md,593
mr/webc/webc.js.md,593
af/webc/webc.js.md,593
ceb/webc/webc.js.md,593
bn/webc/webc.js.md,593
fa/webc/webc.js.md,593
th/webc/webc.js.md,593
ur/webc/webc.js.md,593
ro/webc/webc.js.md,593
kn/webc/webc.js.md,593
fi/webc/webc.js.md,593
da/webc/webc.js.md,593
pt/webc/webc.js.md,593
cs/webc/webc.js.md,593
ta/webc/webc.js.md,593
te/webc/webc.js.md,593
el/webc/webc.js.md,593
gu/webc/webc.js.md,593
kk/webc/webc.js.md,593
ca/webc/webc.js.md,593
hu/webc/webc.js.md,593
bg/webc/webc.js.md,593
sw/webc/webc.js.md,593
eu/webc/webc.js.md,593
hr/webc/webc.js.md,593
cy/webc/webc.js.md,593
uk/webc/webc.js.md,593
sk/webc/webc.js.md,593
lt/webc/webc.js.md,593
or/webc/webc.js.md,593
si/webc/webc.js.md,593
lb/webc/webc.js.md,593
my/webc/webc.js.md,593
sd/webc/webc.js.md,593
be/webc/webc.js.md,593
et/webc/webc.js.md,593
sr/webc/webc.js.md,593
sl/webc/webc.js.md,593
gl/webc/webc.js.md,593
az/webc/webc.js.md,593
as/webc/webc.js.md,593
hy/webc/webc.js.md,593
bs/webc/webc.js.md,593
ka/webc/webc.js.md,593
km/webc/webc.js.md,593
sq/webc/webc.js.md,593
mk/webc/webc.js.md,593
lo/webc/webc.js.md,593
is/webc/webc.js.md,593
lv/webc/webc.js.md,593
fil/webc/webc.js.md,593
jv/webc/webc.js.md,593
iw/webc/webc.js.md,593
uz/webc/webc.js.md,593
ne/webc/webc.js.md,593
mt/webc/webc.js.md,593
en/jsdoc/SKILL.md,1569
fr/jsdoc/SKILL.md,1569
ja/jsdoc/SKILL.md,1569
ru/jsdoc/SKILL.md,1569
it/jsdoc/SKILL.md,1569
hi/jsdoc/SKILL.md,1569
de/jsdoc/SKILL.md,1569
ko/jsdoc/SKILL.md,1569
es/jsdoc/SKILL.md,1569
tr/jsdoc/SKILL.md,1569
ar/jsdoc/SKILL.md,1569
zh-TW/jsdoc/SKILL.md,1569
id/jsdoc/SKILL.md,1569
pl/jsdoc/SKILL.md,1569
nl/jsdoc/SKILL.md,1569
sv/jsdoc/SKILL.md,1569
no/jsdoc/SKILL.md,1569
fa/jsdoc/SKILL.md,1569
th/jsdoc/SKILL.md,1569
vi/jsdoc/SKILL.md,1569
bn/jsdoc/SKILL.md,1569
mr/jsdoc/SKILL.md,1569
ms/jsdoc/SKILL.md,1569
ceb/jsdoc/SKILL.md,1569
af/jsdoc/SKILL.md,1569
ur/jsdoc/SKILL.md,1569
da/jsdoc/SKILL.md,1569
ta/jsdoc/SKILL.md,1569
cs/jsdoc/SKILL.md,1569
ro/jsdoc/SKILL.md,1569
fi/jsdoc/SKILL.md,1569
pt/jsdoc/SKILL.md,1569
kn/jsdoc/SKILL.md,1569
gu/jsdoc/SKILL.md,1569
te/jsdoc/SKILL.md,1569
kk/jsdoc/SKILL.md,1569
hu/jsdoc/SKILL.md,1569
el/jsdoc/SKILL.md,1569
uk/jsdoc/SKILL.md,1569
ca/jsdoc/SKILL.md,1569
sk/jsdoc/SKILL.md,1569
sw/jsdoc/SKILL.md,1569
cy/jsdoc/SKILL.md,1569
eu/jsdoc/SKILL.md,1569
hr/jsdoc/SKILL.md,1569
bg/jsdoc/SKILL.md,1569
lb/jsdoc/SKILL.md,1569
si/jsdoc/SKILL.md,1569
az/jsdoc/SKILL.md,1569
lt/jsdoc/SKILL.md,1569
or/jsdoc/SKILL.md,1569
gl/jsdoc/SKILL.md,1569
be/jsdoc/SKILL.md,1569
sr/jsdoc/SKILL.md,1569
sd/jsdoc/SKILL.md,1569
my/jsdoc/SKILL.md,1569
as/jsdoc/SKILL.md,1569
sl/jsdoc/SKILL.md,1569
et/jsdoc/SKILL.md,1569
ne/jsdoc/SKILL.md,1569
lv/jsdoc/SKILL.md,1569
km/jsdoc/SKILL.md,1569
hy/jsdoc/SKILL.md,1569
ka/jsdoc/SKILL.md,1569
bs/jsdoc/SKILL.md,1569
is/jsdoc/SKILL.md,1569
lo/jsdoc/SKILL.md,1569
sq/jsdoc/SKILL.md,1569
mt/jsdoc/SKILL.md,1569
mk/jsdoc/SKILL.md,1569
fil/jsdoc/SKILL.md,1569
jv/jsdoc/SKILL.md,1569
iw/jsdoc/SKILL.md,1569
uz/jsdoc/SKILL.md,1569
de/review/SKILL.md,1319
en/review/SKILL.md,1319
ru/review/SKILL.md,1319
fr/review/SKILL.md,1319
hi/review/SKILL.md,1319
ja/review/SKILL.md,1319
it/review/SKILL.md,1319
tr/review/SKILL.md,1319
ko/review/SKILL.md,1319
id/review/SKILL.md,1319
nl/review/SKILL.md,1319
pl/review/SKILL.md,1319
es/review/SKILL.md,1319
no/review/SKILL.md,1319
ar/review/SKILL.md,1319
zh-TW/review/SKILL.md,1319
sv/review/SKILL.md,1319
vi/review/SKILL.md,1319
ms/review/SKILL.md,1319
ceb/review/SKILL.md,1319
th/review/SKILL.md,1319
mr/review/SKILL.md,1319
bn/review/SKILL.md,1319
da/review/SKILL.md,1319
ro/review/SKILL.md,1319
ur/review/SKILL.md,1319
fa/review/SKILL.md,1319
ta/review/SKILL.md,1319
af/review/SKILL.md,1319
pt/review/SKILL.md,1319
cs/review/SKILL.md,1319
kk/review/SKILL.md,1319
el/review/SKILL.md,1319
kn/review/SKILL.md,1319
ca/review/SKILL.md,1319
fi/review/SKILL.md,1319
gu/review/SKILL.md,1319
hu/review/SKILL.md,1319
cy/review/SKILL.md,1319
bg/review/SKILL.md,1319
hr/review/SKILL.md,1319
eu/review/SKILL.md,1319
uk/review/SKILL.md,1319
sk/review/SKILL.md,1319
lb/review/SKILL.md,1319
te/review/SKILL.md,1319
sw/review/SKILL.md,1319
sr/review/SKILL.md,1319
be/review/SKILL.md,1319
gl/review/SKILL.md,1319
my/review/SKILL.md,1319
sl/review/SKILL.md,1319
si/review/SKILL.md,1319
az/review/SKILL.md,1319
lt/review/SKILL.md,1319
or/review/SKILL.md,1319
km/review/SKILL.md,1319
ne/review/SKILL.md,1319
et/review/SKILL.md,1319
sd/review/SKILL.md,1319
as/review/SKILL.md,1319
ka/review/SKILL.md,1319
lv/review/SKILL.md,1319
hy/review/SKILL.md,1319
bs/review/SKILL.md,1319
fil/review/SKILL.md,1319
lo/review/SKILL.md,1319
iw/review/SKILL.md,1319
is/review/SKILL.md,1319
jv/review/SKILL.md,1319
sq/review/SKILL.md,1319
mk/review/SKILL.md,1319
uz/review/SKILL.md,1319
mt/review/SKILL.md,1319