de/pug.yml,765
ja/pug.yml,765
en/pug.yml,765
hi/pug.yml,765
fr/pug.yml,765
it/pug.yml,765
ru/pug.yml,765
ko/pug.yml,765
es/pug.yml,765
id/pug.yml,765
tr/pug.yml,765
ar/pug.yml,765
nl/pug.yml,765
pl/pug.yml,765
zh-TW/pug.yml,765
sv/pug.yml,765
no/pug.yml,765
th/pug.yml,765
vi/pug.yml,765
ceb/pug.yml,765
bn/pug.yml,765
mr/pug.yml,765
fa/pug.yml,765
ms/pug.yml,765
ro/pug.yml,765
af/pug.yml,765
da/pug.yml,765
ur/pug.yml,765
cs/pug.yml,765
fi/pug.yml,765
pt/pug.yml,765
ta/pug.yml,765
gu/pug.yml,765
kn/pug.yml,765
ca/pug.yml,765
kk/pug.yml,765
el/pug.yml,765
uk/pug.yml,765
hu/pug.yml,765
te/pug.yml,765
sk/pug.yml,765
sw/pug.yml,765
bg/pug.yml,765
cy/pug.yml,765
eu/pug.yml,765
hr/pug.yml,765
si/pug.yml,765
lb/pug.yml,765
az/pug.yml,765
lt/pug.yml,765
or/pug.yml,765
sr/pug.yml,765
be/pug.yml,765
gl/pug.yml,765
my/pug.yml,765
sd/pug.yml,765
sl/pug.yml,765
as/pug.yml,765
et/pug.yml,765
lv/pug.yml,765
ne/pug.yml,765
km/pug.yml,765
hy/pug.yml,765
bs/pug.yml,765
ka/pug.yml,765
is/pug.yml,765
mk/pug.yml,765
lo/pug.yml,765
mt/pug.yml,765
sq/pug.yml,765
fil/pug.yml,765
iw/pug.yml,765
uz/pug.yml,765
jv/pug.yml,765