en/pug.yml,28
hi/pug.yml,28
de/pug.yml,28
it/pug.yml,28
ru/pug.yml,28
ko/pug.yml,28
ja/pug.yml,28
fr/pug.yml,28
id/pug.yml,28
es/pug.yml,28
ar/pug.yml,28
zh-TW/pug.yml,28
no/pug.yml,28
th/pug.yml,28
pl/pug.yml,28
nl/pug.yml,28
vi/pug.yml,28
tr/pug.yml,28
ceb/pug.yml,28
fa/pug.yml,28
sv/pug.yml,28
da/pug.yml,28
bn/pug.yml,28
ur/pug.yml,28
cs/pug.yml,28
mr/pug.yml,28
pt/pug.yml,28
ro/pug.yml,28
ms/pug.yml,28
kn/pug.yml,28
af/pug.yml,28
ta/pug.yml,28
gu/pug.yml,28
uk/pug.yml,28
te/pug.yml,28
fi/pug.yml,28
sk/pug.yml,28
el/pug.yml,28
kk/pug.yml,28
bg/pug.yml,28
hu/pug.yml,28
ca/pug.yml,28
si/pug.yml,28
lb/pug.yml,28
sw/pug.yml,28
cy/pug.yml,28
hr/pug.yml,28
lt/pug.yml,28
az/pug.yml,28
or/pug.yml,28
eu/pug.yml,28
sr/pug.yml,28
be/pug.yml,28
gl/pug.yml,28
my/pug.yml,28
lv/pug.yml,28
ne/pug.yml,28
as/pug.yml,28
ka/pug.yml,28
sl/pug.yml,28
et/pug.yml,28
km/pug.yml,28
mk/pug.yml,28
is/pug.yml,28
mt/pug.yml,28
iw/pug.yml,28
hy/pug.yml,28
bs/pug.yml,28
lo/pug.yml,28
jv/pug.yml,28
fil/pug.yml,28
uz/pug.yml,28
sq/pug.yml,28
sd/pug.yml,28