en/README.md,986
ja/README.md,986
de/README.md,986
hi/README.md,986
fr/README.md,986
it/README.md,986
ru/README.md,986
ko/README.md,986
es/README.md,986
id/README.md,986
tr/README.md,986
ar/README.md,986
nl/README.md,986
pl/README.md,986
sv/README.md,986
zh-TW/README.md,986
th/README.md,986
no/README.md,986
bn/README.md,986
ceb/README.md,986
vi/README.md,986
fa/README.md,986
ms/README.md,986
mr/README.md,986
af/README.md,986
ro/README.md,986
da/README.md,986
ta/README.md,986
cs/README.md,986
fi/README.md,986
ur/README.md,986
kn/README.md,986
pt/README.md,986
ca/README.md,986
hu/README.md,986
el/README.md,986
gu/README.md,986
kk/README.md,986
te/README.md,986
uk/README.md,986
sk/README.md,986
hr/README.md,986
eu/README.md,986
sw/README.md,986
bg/README.md,986
cy/README.md,986
lb/README.md,986
si/README.md,986
az/README.md,986
or/README.md,986
sr/README.md,986
lt/README.md,986
sd/README.md,986
gl/README.md,986
my/README.md,986
be/README.md,986
sl/README.md,986
et/README.md,986
as/README.md,986
hy/README.md,986
km/README.md,986
bs/README.md,986
ne/README.md,986
is/README.md,986
lv/README.md,986
ka/README.md,986
lo/README.md,986
mk/README.md,986
sq/README.md,986
fil/README.md,986
mt/README.md,986
iw/README.md,986
jv/README.md,986
uz/README.md,986