Y2EvUkVBRE1FLm1k,4YeZ369FLdEPSQ5NZrUkhw
Y2ViL1JFQURNRS5tZA,5GEFQLRwFZesmuGObn7CBQ
Y3MvUkVBRE1FLm1k,VtcM-N8RGTv6vbNPhktQSQ
Y3kvUkVBRE1FLm1k,qJYZxQA6RezVOKznEFp7_w
YWYvUkVBRE1FLm1k,gUaVHXIujA5O-L8zou-kwQ
YXIvUkVBRE1FLm1k,IwvQj6NYmwfRysAFzY4q-Q
YXMvUkVBRE1FLm1k,AGCUmmwj-DW8cUqMdj0QVw
YXovUkVBRE1FLm1k,eEDu1Uc4mABNvqWYF8PChQ
Ym4vUkVBRE1FLm1k,B1aXROobBG59mz2QNxkvNQ
YmUvUkVBRE1FLm1k,fscaYoQHTuzBAK-OKWresQ
YmcvUkVBRE1FLm1k,t8-CGAgg9Hw8Pl6T1FPIGg
YnMvUkVBRE1FLm1k,pagoJznkr0t00in_jk-55Q
Z2wvUkVBRE1FLm1k,sDOKYmLadmXGkWKpIOz27Q
Z3UvUkVBRE1FLm1k,Hy-HtA-6pupXP_j675gfHw
ZGEvUkVBRE1FLm1k,qR1oQOk7dj2egkDF9EKBbg
ZGUvUkVBRE1FLm1k,yA5S-x_1bR9SvOerxRKn-w
ZW4vUkVBRE1FLm1k,PiIWXhNrsns0ClTpq0c_Rw
ZWwvUkVBRE1FLm1k,Me8loyjHo_7sNa6Q_cLBlw
ZXMvUkVBRE1FLm1k,wpyengXF2zRQqIHidRa7mA
ZXQvUkVBRE1FLm1k,3QHF96kXlcaD2knkH81sow
ZXUvUkVBRE1FLm1k,RREfEDwmQR7kUBqyFjPSLw
ZmEvUkVBRE1FLm1k,HFsQwQPy9tfT9cGs3lsskQ
ZmkvUkVBRE1FLm1k,iHOtsXEYqVvohYpoq-Uvyg
ZmlsL1JFQURNRS5tZA,howKk8uT0Mw3qZ8Pj8hEXw
ZnIvUkVBRE1FLm1k,NaaG7TrwlPKDnF8kMeZPjw
a20vUkVBRE1FLm1k,KMHLF4BhYigPDYpfM-xmIQ
a24vUkVBRE1FLm1k,EiEDcnlgWJlXV9RZ7_ENng
a28vUkVBRE1FLm1k,5VzzF-CBdRCx0iKL41Q9mQ
a2EvUkVBRE1FLm1k,tKSL9OFWdMjFdgMv_T2Jzg
a2svUkVBRE1FLm1k,NInaEAgjkTOA7fqlq-c9tw
aGkvUkVBRE1FLm1k,ieGM3JTZ5C4qcAuwNFXyQA
aHIvUkVBRE1FLm1k,wHfvs_hsPOf7so4WsD6gew
aHUvUkVBRE1FLm1k,aMU115vcpgTiGifZWO1F1A
aHkvUkVBRE1FLm1k,gVNgBKZYFSrnNALXEVUYWA
aWQvUkVBRE1FLm1k,Yfa7wclP87kT4kz25oMoCg
aXMvUkVBRE1FLm1k,KXZnZ-FagU_Yr-nQeHjTNg
aXQvUkVBRE1FLm1k,cpP9Yq0wdURz_6YIxlD2Ew
aXcvUkVBRE1FLm1k,MOg001tiGaw7Fwp677-LfQ
amEvUkVBRE1FLm1k,tt64yrzOC9CjpA1MgtM-pQ
anYvUkVBRE1FLm1k,OOCvWjbuM7RnS5ItKmMUPQ
b3IvUkVBRE1FLm1k,vn-Z8IwHTsg6--OHFQ66CQ
bG8vUkVBRE1FLm1k,RGUr8sxCU0zrDrX57cnTAA
bGIvUkVBRE1FLm1k,U_YF6kaGzhLjrOxfzKvpkw
bHQvUkVBRE1FLm1k,-Z-JX6_MNoII9elkPgqRtQ
bHYvUkVBRE1FLm1k,DZgPJIkEA9CYaVDMdGJh3Q
bWsvUkVBRE1FLm1k,4hWU6wL0yuhm-nz2vW_4kQ
bXIvUkVBRE1FLm1k,rhLEvLoo6RPjlCeNORflJw
bXMvUkVBRE1FLm1k,2JFPQE8xFrOW6nNnIAE9hA
bXQvUkVBRE1FLm1k,pUqqCMFayYDU1AAJXGEynQ
bXkvUkVBRE1FLm1k,wZra47HPNvPpRLy-LAbUIw
bm8vUkVBRE1FLm1k,doTJ8tddIVPVLrOTmPoQuQ
bmUvUkVBRE1FLm1k,P3mTom5xRngpB_7Kglfj0w
bmwvUkVBRE1FLm1k,oe3Y_zv-DU74JLQ6rtkCiQ
c2QvUkVBRE1FLm1k,BzzwcGooJBp-4pHjzP9W0A
c2kvUkVBRE1FLm1k,p9TU52Vr9oGXDCMHrizgcg
c2svUkVBRE1FLm1k,YvskOsLn7SvHitnQLmrHeQ
c2wvUkVBRE1FLm1k,x082YQw40cLLyvatp2WKUA
c3EvUkVBRE1FLm1k,y6EJyBn6R_reBRj69uCaCw
c3IvUkVBRE1FLm1k,CSNcha7QvZT7WhWGD2DtDA
c3YvUkVBRE1FLm1k,9qI1NeOH1Om1--AqsGDOZA
c3cvUkVBRE1FLm1k,Pjj2TQy3sC497Ocu7g4hIA
cGwvUkVBRE1FLm1k,51nWOCx0Vt95xj6OGihP8Q
cHQvUkVBRE1FLm1k,e1YX3A1f7SsZh0H8MAsSfg
cm8vUkVBRE1FLm1k,NFjt-kNIkWWcHHnu8HUSLA
cnUvUkVBRE1FLm1k,hXeemt7J2f5qATImRRAXtA
dGEvUkVBRE1FLm1k,BxzDlGNQXSKbAq_YY5u0HA
dGUvUkVBRE1FLm1k,U3qmArZu0OXEYdzzllWYnw
dGgvUkVBRE1FLm1k,yzM4F68f9LZPXlhlTvTiWw
dHIvUkVBRE1FLm1k,buwJOKoBkeEKIKAUCui8vA
dWsvUkVBRE1FLm1k,CabOzFJtxXLXSsRR77Md0g
dXIvUkVBRE1FLm1k,vqRsu2mfQkiQu1s4PD3y9g
dXovUkVBRE1FLm1k,uKlmR_d-7GH3hhbl-X_Pug
dmkvUkVBRE1FLm1k,lGM7I6eEufTMcKd9JFWWmQ
emgtVFcvUkVBRE1FLm1k,HabtIptuxYOgYsE7Uxec3g
emgvUkVBRE1FLm1k,QDH_zAMJcR-jIEGrhxlLCg