Y2EvanMueW1s,emhNgg5zgKP10jp3sgBfDQ
Y2EvcHVnLnltbA,P8nnXOvkkXEXZ4uxoUzhAA
Y2ViL2pzLnltbA,im2m3sWPGezty8SmgjN2fQ
Y2ViL3B1Zy55bWw,EHaPB-gVF_QXXBY-WHjXDw
Y3MvanMueW1s,w2hos7qG08EmgEJq8kR-Ag
Y3MvcHVnLnltbA,P8nnXOvkkXEXZ4uxoUzhAA
Y3kvanMueW1s,HbaHfiOKVeQH8QLvcCqI9A
Y3kvcHVnLnltbA,X9n5y1jPDDfMAingwFzSfA
YWYvanMueW1s,grp2XpLjjFJLmoVvaijdhA
YWYvcHVnLnltbA,P8nnXOvkkXEXZ4uxoUzhAA
YXIvanMueW1s,Mou-mDX853R2FpVtZrsCPQ
YXIvcHVnLnltbA,LDzIACYIa40tM73x2IsWLA
YXMvanMueW1s,DZ9FJDG8GwuI2f1wKygyUA
YXMvcHVnLnltbA,4jjhL0RUCkYVbualOC9eSQ
YXovanMueW1s,j2o2Ihy4IupGjKUNPb-HdA
YXovcHVnLnltbA,pez_ZwgWDnTG7Is9M7xUFw
Ym4vanMueW1s,RNawm5PZF9aujdjqX3MWnw
Ym4vcHVnLnltbA,Db6Q3752TGcXkja17woTJw
YmUvanMueW1s,43oy_OqKdYefdNosMkm4Wg
YmUvcHVnLnltbA,FzUNotvhjdx7J6Zhi9PnCg
YmcvanMueW1s,0QYrYaZUg_2oNpAJCFSJHw
YmcvcHVnLnltbA,5YX0pq75zEdk5Do0x1Nidg
YnMvanMueW1s,CDA9RYgKt3Bq6u5ZjZah9g
YnMvcHVnLnltbA,riTeGaGU4BJvMIzzEfS2sg
Z2wvanMueW1s,IdymauyhAwAvUVay5zMiMw
Z2wvcHVnLnltbA,0o_XQC6sAX48A8c1-si5ww
Z3UvanMueW1s,AIsjEaaJ27caUQ1iKLs9qw
Z3UvcHVnLnltbA,kUes0mnseFSMr9slX3pf0w
ZGEvanMueW1s,nV14ymzpM7quFd8peFVWYw
ZGEvcHVnLnltbA,riTeGaGU4BJvMIzzEfS2sg
ZGUvanMueW1s,uZc6d_4cC_-r6vLa9lWBMg
ZGUvcHVnLnltbA,QR30mzdBrWNOlusZfV4OOw
ZW4vanMueW1s,DkTZ5Up6lAO-ZuqYtSXmlQ
ZW4vcHVnLnltbA,riTeGaGU4BJvMIzzEfS2sg
ZWwvanMueW1s,w0ljHea6pJeLEeKblXJ1tg
ZWwvcHVnLnltbA,2kSz3BSj5wuucDlKoCQNDw
ZXMvanMueW1s,NYi2xI82Ik1jPYvGd-yxKA
ZXMvcHVnLnltbA,fSvH-dQp4D-nOXBb1sNmtg
ZXQvanMueW1s,qgcAELxQaHSagJDlGgVPyw
ZXQvcHVnLnltbA,lRkYY3ewvzSWRbDlUhiiNQ
ZXUvanMueW1s,-YXAGtDPQc_7yhE74Mi5RA
ZXUvcHVnLnltbA,riTeGaGU4BJvMIzzEfS2sg
ZmEvanMueW1s,PULil3NDxZ-22lAIv3AjbQ
ZmEvcHVnLnltbA,ldFkT_RbgyqpM1whSK7i-A
ZmkvanMueW1s,QA2eJ0l4I_xQNQdY-QkZ4Q
ZmkvcHVnLnltbA,fcz5eIjuhiO4qEADoWgzEA
ZmlsL2pzLnltbA,RNhaIsizBKSGITm_WpUTPg
ZmlsL3B1Zy55bWw,MXs2J7UsV8aGUrtY-LE0CA
ZnIvanMueW1s,IwVaPwYGg2rSf9OCWREOBA
ZnIvcHVnLnltbA,Wn3oYMrDztuLTVrWidKJiw
a20vanMueW1s,OuQzOt14ZB6RZ2KqbfzkfA
a20vcHVnLnltbA,yhwY7tL5LX7WamiimcUyfw
a24vanMueW1s,aC0YrVSFXUYGPBG2ropTNg
a24vcHVnLnltbA,qX1rpFq8Yr3-p740PlhXeg
a28vanMueW1s,lfNGrhtO5iPG4YUF7RBtMw
a28vcHVnLnltbA,74CpR_x4ePl7EHhiKqPbKA
a2EvanMueW1s,krO_mxUc_bjt16V8YonSAg
a2EvcHVnLnltbA,cGjIy7UPUoAWItc1gQGRsA
a2svanMueW1s,GpI2mDOIYRoILbqMjz8fMA
a2svcHVnLnltbA,YJ0fZovkKIxuIV0vL1FX2A
aGkvanMueW1s,GVFaKlIMZbuiFI_K00_bZw
aGkvcHVnLnltbA,kC54-SVjazbs-Wq5aOw2yA
aHIvanMueW1s,vf3WzAJUZIX-LMnohPgHJQ
aHIvcHVnLnltbA,XYEPUN7r4AG0FIqoDeHw9g
aHUvanMueW1s,zpHdHv7wbnvnqDRlUOSGyA
aHUvcHVnLnltbA,P8nnXOvkkXEXZ4uxoUzhAA
aHkvanMueW1s,twn9WmKAyO1wdNNzkpE7bg
aHkvcHVnLnltbA,q6mEamNgeSaFmuQ0EV5Ngg
aWQvanMueW1s,T1qWGL-is_Qhib7Oqu6yZA
aWQvcHVnLnltbA,wK5no3rgJnaDiCVLizfsyA
aXMvanMueW1s,_ynlfhfEcmJCHKn5WMo2Nw
aXMvcHVnLnltbA,riTeGaGU4BJvMIzzEfS2sg
aXQvanMueW1s,-jfvW4aEzi7lNqzoX58eSA
aXQvcHVnLnltbA,7gkPgqqiCutw0D-3dtvRug
aXcvanMueW1s,jxRFrSvKmpARbMhBt_C_tw
aXcvcHVnLnltbA,2CohpZS8YaOR0PsuHDSuzg
amEvanMueW1s,H_BIAsJ9cA22ISaYsg17fQ
amEvcHVnLnltbA,2kAeYJE0ti31y_RF9FlUXA
anYvanMueW1s,G_AkAwbvck4IbeasxZxHcQ
anYvcHVnLnltbA,5xJ659zrgUvXm1GrSHfxzA
b3IvanMueW1s,PS4rolkeOEW_vPcZNhikVA
b3IvcHVnLnltbA,oM9Xa3asQ8yVthHbjuRUqg
bG8vanMueW1s,lPwEaBDVjnRNYBgEMRTkOA
bG8vcHVnLnltbA,JUzuPA-tUwMrlTe6Yb_ubQ
bGIvanMueW1s,pJx9t-15LsDfentzOI6p7Q
bGIvcHVnLnltbA,P8nnXOvkkXEXZ4uxoUzhAA
bHQvanMueW1s,58sV-c68-UeuczhmAEnw-w
bHQvcHVnLnltbA,Ge_s0T9uDA099QS4ajbMDA
bHYvanMueW1s,FTpR5ksAX9hJwTzbACWH9w
bHYvcHVnLnltbA,7JIxBN8g_lPbRkD8Cmm6lQ
bWsvanMueW1s,f2PJ3MWJWTLgqfx3fC4Flg
bWsvcHVnLnltbA,P8nnXOvkkXEXZ4uxoUzhAA
bXIvanMueW1s,tw1hmTTsQr_hZaIY167T7Q
bXIvcHVnLnltbA,Ga-ke-i-i2liMtIrLhxGaA
bXMvanMueW1s,c1XqbdkWWnx_AFQU4fK7Eg
bXMvcHVnLnltbA,1JhZBRTU4pS52llUhBoGbg
bXQvanMueW1s,5qn4qXjzcrWVzBXTCyaZvw
bXQvcHVnLnltbA,riTeGaGU4BJvMIzzEfS2sg
bXkvanMueW1s,h8dOryXvYvZx4ZjY6VTDBw
bXkvcHVnLnltbA,zhYhyHWGTPCjNIoSIUBOiQ
bm8vanMueW1s,SeLO79jTuN9tZykusg6x8w
bm8vcHVnLnltbA,riTeGaGU4BJvMIzzEfS2sg
bmUvanMueW1s,6AuSe8jokD9CFUer04ZRkg
bmUvcHVnLnltbA,vALBQTHcKxn_8CEnnwx-JQ
bmwvanMueW1s,E8iEQnLxYxSB0m9nHHOd4w
bmwvcHVnLnltbA,P8nnXOvkkXEXZ4uxoUzhAA
c2QvanMueW1s,PrENQoVn1FeuyIafWD6HYg
c2QvcHVnLnltbA,oAG4tV-jGdtxa13TZ7dyYw
c2kvanMueW1s,JoLKpQn_BP9Pkq0KmQHptg
c2kvcHVnLnltbA,oz2MOaNxAN5AOG-khDM3Nw
c2svanMueW1s,y9pVU6amkVahjY8cLEGNIg
c2svcHVnLnltbA,qKIi-KBoyDXx9ksuVFYJWg
c2wvanMueW1s,wwg-_yROEonQFuDNFdt5jA
c2wvcHVnLnltbA,riTeGaGU4BJvMIzzEfS2sg
c3EvanMueW1s,KFMF-jSi7_9_6KxPyb7xhQ
c3EvcHVnLnltbA,P8nnXOvkkXEXZ4uxoUzhAA
c3IvanMueW1s,DybyloFWK7ZakkIAQ6SAtQ
c3IvcHVnLnltbA,bIdRUcpAC7-OQwQFqpSWKg
c3YvanMueW1s,bRjcld45sk3FHQTmcLqlAg
c3YvcHVnLnltbA,riTeGaGU4BJvMIzzEfS2sg
c3cvanMueW1s,TKGiZ9J4zb9RT4lyYZmWuw
c3cvcHVnLnltbA,2UcFCQtLFMCuc2E1sqxECg
cGwvanMueW1s,dToUcCI60z7UmvvWCkRU1g
cGwvcHVnLnltbA,X_8Q8UxQMGBWbtKu8hTXDQ
cHQvanMueW1s,ACspQr5ZzQ1MhXu4pE3d3A
cHQvcHVnLnltbA,tytyQ7CeU7HVZ1JhL9_Yeg
cm8vanMueW1s,TRjFixRg2FUcoWXWDTKzfQ
cm8vcHVnLnltbA,P8nnXOvkkXEXZ4uxoUzhAA
cnUvanMueW1s,gT9B-4nxcjEpRPtml86UAQ
cnUvcHVnLnltbA,UeLg_3o9QY_0WTWWunOaKA
dGEvanMueW1s,B_izpvAviwBBtIvsEltyew
dGEvcHVnLnltbA,jATtOfTCo-7BAeKApBTgbA
dGUvanMueW1s,QIIXgn7RPFhbezpf0Nrd3A
dGUvcHVnLnltbA,2_jGcYSqJX9ywMcKeoJbsQ
dGgvanMueW1s,ryvQTze23b5LAg4ULPrxiw
dGgvcHVnLnltbA,Nu7K3JA9SLCQUElr_HL1oQ
dHIvanMueW1s,VxLIUp5DwhLeqF4SHPZKCw
dHIvcHVnLnltbA,uebUNNW7k52HeRosQO9JpQ
dWsvanMueW1s,nmiVgnzdYvKssNmMjR8Q5Q
dWsvcHVnLnltbA,XSccnpjt744_qR4_-2lGaQ
dXIvanMueW1s,RryLvQ614NU-5g3n9NwxMw
dXIvcHVnLnltbA,at4RYFvdhUOKio6mi4TNQA
dXovanMueW1s,tfctCK6s1Kkq_8ewzpOdag
dXovcHVnLnltbA,PsxBvNIhHt-i3rXIojPfhQ
dmkvanMueW1s,wFYIGBMt_cMfGhg0FICF7w
dmkvcHVnLnltbA,vlzPd2ngmPNu7Hw8nlWaLw
emgtVFcvanMueW1s,LR2tsknRxSSlML_oOpKcaw
emgtVFcvcHVnLnltbA,AnOpT8MW9k8CykzFP1bAfw
emgvanMueW1s,HuAhu4dc8hIY1KGLb8oeXw
emgvcHVnLnltbA,R2R6pp2gpFRfnAuOGs4Dcg