Y2EvUkVBRE1FLm1k,ydSQMkb6_Y868Mim7OdIHw
Y2ViL1JFQURNRS5tZA,V2HSjvXdD8Z28EYbD3FO2A
Y3MvUkVBRE1FLm1k,k70jZajOcgM_9ft3rMM0xg
Y3kvUkVBRE1FLm1k,9fHG5yIlvQ2B7DdERKxS5A
YWYvUkVBRE1FLm1k,l3l7EFFeUbqtZ7KrJ6Vq1w
YXIvUkVBRE1FLm1k,V8I3PY9AyYv4LmpxHIEl9w
YXMvUkVBRE1FLm1k,0yQDmvV6D2InhBHN0f70tA
YXovUkVBRE1FLm1k,fKW0PhtShKZ0nVywYg4Zxw
Ym4vUkVBRE1FLm1k,84wsv4bhvtbXCEYGmc-v1g
YmUvUkVBRE1FLm1k,rjsi6BeyunmZIz5Oz0HaMA
YmcvUkVBRE1FLm1k,XiqGNFm1Umz0k7S4v7QeBQ
YnMvUkVBRE1FLm1k,L_j9IHTBLNRNr6dIkDFqsw
Z2wvUkVBRE1FLm1k,LIjVKqjzkknCxUmTd5xOaA
Z3UvUkVBRE1FLm1k,KBoisFQ4DBdvBeAs5BSx8g
ZGEvUkVBRE1FLm1k,7ks17Dv4NDLIUSSRk0gycA
ZGUvUkVBRE1FLm1k,XbMGRVp0G7u_jhYkaCUACQ
ZW4vUkVBRE1FLm1k,3fSFZmj0G-Yen-jDINy_kg
ZWwvUkVBRE1FLm1k,e_DWOJ5XDhCopAn18CxWPg
ZXMvUkVBRE1FLm1k,_lG1j1rXex_1JJzzSoQ5tA
ZXQvUkVBRE1FLm1k,UQNgh3-vtdyZk9nWItzkkg
ZXUvUkVBRE1FLm1k,6Sc53d_MS_hmcZn99gbfFw
ZmEvUkVBRE1FLm1k,RPjNKIbxxcU9cJkIk4S3Yg
ZmkvUkVBRE1FLm1k,KEKNOjG3ZehjYHdZPgDbkw
ZmlsL1JFQURNRS5tZA,rDhjR4hqLkMw-cQEgLn1oQ
ZnIvUkVBRE1FLm1k,2jKrNO7wfqOoPVSmjKxOPQ
a20vUkVBRE1FLm1k,M7AlUJLW5v55MJXZAczy2g
a24vUkVBRE1FLm1k,5wLrXW-sCt7r2TXvlQiaLg
a28vUkVBRE1FLm1k,yF5A8abOcfm9Z-gqCe32kA
a2EvUkVBRE1FLm1k,nVoCtMfLc-GU3zAGj_Z95w
a2svUkVBRE1FLm1k,emSkNrgbnRgKh7G_upOc_A
aGkvUkVBRE1FLm1k,8SnOkZ3JZTWquTB3QjZTPw
aHIvUkVBRE1FLm1k,7BQSs_mYAaymyd2el-V97g
aHUvUkVBRE1FLm1k,QJBwjv9JHPwfK6xhOLMd5w
aHkvUkVBRE1FLm1k,69VOyPhhuKYIDvVWDGI6GA
aWQvUkVBRE1FLm1k,b8Ikcso8gWFf09Hu4hCZyg
aXMvUkVBRE1FLm1k,-K7tUwX2c9_uVwPRCMVzyQ
aXQvUkVBRE1FLm1k,3EvYMgxerUeG-0112Jv8nA
aXcvUkVBRE1FLm1k,DVF8yK8WlJvQUb6Ww_oA4A
amEvUkVBRE1FLm1k,cE1wRmkBq1xWDe7cGM4yYA
anYvUkVBRE1FLm1k,vOmSOsixymHC9lnYzd8qLA
b3IvUkVBRE1FLm1k,gZWkuysbm873rv9_eB3zCA
bG8vUkVBRE1FLm1k,1M1aajwxzK8pDUolb1w_nA
bGIvUkVBRE1FLm1k,ngMDr0q6z21HAN_ckvei4A
bHQvUkVBRE1FLm1k,ZkA95f1e3XiysHQBIeq65g
bHYvUkVBRE1FLm1k,q61iWOI9eV0xjdoRoc-PXg
bWsvUkVBRE1FLm1k,F5Fzc_gj6Em7EPew5fUYrQ
bXIvUkVBRE1FLm1k,ClixWse09mqwsebU2DXBWw
bXMvUkVBRE1FLm1k,AF5CLrr6GCgmkGiowsObLQ
bXQvUkVBRE1FLm1k,Z0LQAgw4BI7PBmtlcfxRTA
bXkvUkVBRE1FLm1k,3oaSNr9PWV6b0qu0yWarzg
bm8vUkVBRE1FLm1k,OgIA8csBZ1_652HlemNIgQ
bmUvUkVBRE1FLm1k,ImsF8cSLzhJz6ngpE7iZ_A
bmwvUkVBRE1FLm1k,U8E0gitPTk3JVRrKT9clGA
c2QvUkVBRE1FLm1k,PvBg5z_mLFG0QZnaSradCA
c2kvUkVBRE1FLm1k,C7YTv3fTkJWLJRkcNqjllA
c2svUkVBRE1FLm1k,ESkTJWlCHrqEs4F39bEPyw
c2wvUkVBRE1FLm1k,_-k4s_KOQipgnhTgzxpcqA
c3EvUkVBRE1FLm1k,Tr2oVSfoX-Evn3x6YgDf-Q
c3IvUkVBRE1FLm1k,rFS8DPzHvdLkbLvWgQBq9g
c3YvUkVBRE1FLm1k,fwttcweVv04Zj17lYFKyDw
c3cvUkVBRE1FLm1k,l0IhIf_ZxkulVwigpwu05Q
cGwvUkVBRE1FLm1k,aoMpjFcguKX2QHMtQwbXPA
cHQvUkVBRE1FLm1k,DOmaEbvmGepLKjqaTr3fSg
cm8vUkVBRE1FLm1k,ga6-DoMILKL0ZHtqCPtWaA
cnUvUkVBRE1FLm1k,___VMuZZaxj3DlWEMXc0jQ
dGEvUkVBRE1FLm1k,cTFcj_d2XJNqn4_4nDjbqg
dGUvUkVBRE1FLm1k,7D522IzGRqrapNdCN9SPJw
dGgvUkVBRE1FLm1k,YKtLkKgauPTax5yfK2KMyw
dHIvUkVBRE1FLm1k,95bd_nlghnM75YoDg5WStQ
dWsvUkVBRE1FLm1k,UCU1SqndTqOD8XBnJF44LA
dXIvUkVBRE1FLm1k,sa8dE_nlgcVnKEXXDqf73Q
dXovUkVBRE1FLm1k,MZCpYpUavURByjMZMt2IQg
dmkvUkVBRE1FLm1k,KpruOwA2t2trLq7Xd79EJA
emgtVFcvUkVBRE1FLm1k,QhwJWcxK-RjbrH9CzgsYXA
emgvUkVBRE1FLm1k,jq78m3bTr3vs8wYRzplUcg