Y2EvcHVnLnltbA,dwDlJ8IFxc9NqjxOVEbO4g
Y2ViL3B1Zy55bWw,B1Uc2-a9jPegsYjpY6kPJA
Y3MvcHVnLnltbA,mvVXjxFbtNrCZC7sSN-hoA
Y3kvcHVnLnltbA,zESxnQKt9TIyqZXJwv6Big
YWYvcHVnLnltbA,PMWgf3IMzDIZ-6rxN_NNSA
YXIvcHVnLnltbA,e9Q7KnCzxbT4iyyCdtaEng
YXMvcHVnLnltbA,OFeoO4mOU1KJ7uQBXnyXcw
YXovcHVnLnltbA,ziWS0vH_a448wSz-qiBRVQ
Ym4vcHVnLnltbA,m86IQw5fgN1lpGF3F8WLvw
YmUvcHVnLnltbA,lC2ussjNbBhxM1oMmgvwJg
YmcvcHVnLnltbA,RZMvl_MUlcz0MONNs5igvw
YnMvcHVnLnltbA,Q2n2tkHBk9vJ0wWwEnY9sA
Z2wvcHVnLnltbA,CQcw1iEFTS8SLDDySpKs2g
Z3UvcHVnLnltbA,GNjdH4RO-brUGggff-3rKQ
ZGEvcHVnLnltbA,HeaK04qmh4Tv2YIYhEXC-g
ZGUvcHVnLnltbA,CbH_Cfn6f_FQlT_RDEwQ3w
ZW4vcHVnLnltbA,4e36F1k0067thrzpRYy49w
ZWwvcHVnLnltbA,e5pjM5csNAfQZCu4nmGrrg
ZXMvcHVnLnltbA,J1N3mw3M8lsE1GL6ObK4Aw
ZXQvcHVnLnltbA,PdUdJbEES69NWoFfSYZGvg
ZXUvcHVnLnltbA,i1Ic8c_RQhSN-krb5apyxQ
ZmEvcHVnLnltbA,Qg7eKWyYhG9OkCg3MzyVsg
ZmkvcHVnLnltbA,qjBJXiyblu3uHlGJ54BkEA
ZmlsL3B1Zy55bWw,asKuXKAQsa4oXZvafDxzBQ
ZnIvcHVnLnltbA,l8nMIH2ge1M0JjpJQ1OuyQ
a20vcHVnLnltbA,s_SXLjrZXC3BxcbR6R92OA
a24vcHVnLnltbA,dr9IL3ugAx_ltYApRgYeBA
a28vcHVnLnltbA,ijdii8zG_YN4JNljz8CKLA
a2EvcHVnLnltbA,Gk2z43TymdcBb1jO3n8MWg
a2svcHVnLnltbA,Q37cDYPGSwIlPhtwxoDH_Q
aGkvcHVnLnltbA,rBPw5pPxJBs2BDB9OmC8kg
aHIvcHVnLnltbA,ut-zOjbpWyo_5Nsoi6ng5Q
aHUvcHVnLnltbA,rMa__bzIwSO5xQpQ3vcFag
aHkvcHVnLnltbA,X-AI-dhq6he7cQL0AAFq3w
aWQvcHVnLnltbA,3ueoM-Q34uNTZbGVmcfWCA
aXMvcHVnLnltbA,ivaJvbVGlRvucQvv-MpFuQ
aXQvcHVnLnltbA,G35-_LOsRXu32y_bZmAByQ
aXcvcHVnLnltbA,8EmFUU2i8xZ-joxyOwSo-g
amEvcHVnLnltbA,DTNYQWk53Zgt2mNFA4vbQw
anYvcHVnLnltbA,wsAxTSESqkj2g_0qQ4m6xw
b3IvcHVnLnltbA,TuvsmICCAOt4ARcWE1xY6g
bG8vcHVnLnltbA,R8jutuZCQP8tgUEx1f4bfA
bGIvcHVnLnltbA,g6_7F9itgRrQpZwVZDBg-g
bHQvcHVnLnltbA,GFglJvB9H6PanP7kkQFBxg
bHYvcHVnLnltbA,uFVM7rouzGr0d-RBrd4rNA
bWsvcHVnLnltbA,FXmfeMfTSE-OYWnFGuHLWQ
bXIvcHVnLnltbA,gxMH3Pvvgpp1KSjLIchIAw
bXMvcHVnLnltbA,nVwv2oi4_LgBNYuJjXV8Dg
bXQvcHVnLnltbA,BRS9LGjLGT8YxtwOh8nvXQ
bXkvcHVnLnltbA,vORJeaLl8NFR4W2LvNK3jg
bm8vcHVnLnltbA,cN4VNy8CcQYdxyzm0eu1zQ
bmUvcHVnLnltbA,0em7TLdqKPfF_mQ9_dHL3w
bmwvcHVnLnltbA,j5iqE5fD75TdIGJakxtqOg
c2QvcHVnLnltbA,pAnOjQ7vM97i1tbRf6i8Fw
c2kvcHVnLnltbA,oJNMJbIFjvLoVtSK_nJHgQ
c2svcHVnLnltbA,ez1EbqISSRmMiqlCFZ8Pgw
c2wvcHVnLnltbA,Zlu3AKU2lswbIUAKfDyLXQ
c3EvcHVnLnltbA,v3k03ndrWJKC4qDLICZ8hQ
c3IvcHVnLnltbA,fed24QyxRgMmvcpd227d0Q
c3YvcHVnLnltbA,ycTMsGoHuHMN8gONrwMc7A
c3cvcHVnLnltbA,Vm3urpqw2WpSGaywZLph-w
cGwvcHVnLnltbA,3NyiTWoCznBap7auKlkp2A
cHQvcHVnLnltbA,r8axf592Tm1L7gZSVAEEmg
cm8vcHVnLnltbA,F1zyqn7cxv9bKUAt5zoQUA
cnUvcHVnLnltbA,aNmsNFXYDnphDHknfT3J9g
dGEvcHVnLnltbA,mDn8TpYR7nN6ry2J9sOJgw
dGUvcHVnLnltbA,pHofV50KI68gqOIDtWucBQ
dGgvcHVnLnltbA,5k7ZLxIRSXb54d3GXgk7HA
dHIvcHVnLnltbA,yFLYdJS3ex7fHnL51-Tznw
dWsvcHVnLnltbA,dAVpIWjEmz88xHeAMftB4w
dXIvcHVnLnltbA,KJ6TbOpukkDyHZ8qapMtow
dXovcHVnLnltbA,66z1XcnmVXQ5lAckZUnPew
dmkvcHVnLnltbA,2cWqoDBbeQu7-nYVODy41w
emgtVFcvcHVnLnltbA,sRbbmSooNOWTNxnT2ESGGw
emgvcHVnLnltbA,Sn_1fsCZ2Gv0FbJWpxDE0A