en/README.md,1664
ja/README.md,1664
hi/README.md,1664
de/README.md,1664
fr/README.md,1664
it/README.md,1664
ko/README.md,1664
ru/README.md,1664
es/README.md,1664
tr/README.md,1664
id/README.md,1664
nl/README.md,1664
ar/README.md,1664
pl/README.md,1664
zh-TW/README.md,1664
sv/README.md,1664
no/README.md,1664
vi/README.md,1664
ceb/README.md,1664
th/README.md,1664
bn/README.md,1664
mr/README.md,1664
fa/README.md,1664
ms/README.md,1664
af/README.md,1664
da/README.md,1664
cs/README.md,1664
ro/README.md,1664
ur/README.md,1664
ta/README.md,1664
fi/README.md,1664
pt/README.md,1664
kn/README.md,1664
gu/README.md,1664
el/README.md,1664
ca/README.md,1664
kk/README.md,1664
uk/README.md,1664
te/README.md,1664
hu/README.md,1664
sk/README.md,1664
bg/README.md,1664
sw/README.md,1664
cy/README.md,1664
eu/README.md,1664
lb/README.md,1664
hr/README.md,1664
si/README.md,1664
az/README.md,1664
or/README.md,1664
lt/README.md,1664
sr/README.md,1664
be/README.md,1664
my/README.md,1664
gl/README.md,1664
sd/README.md,1664
sl/README.md,1664
et/README.md,1664
as/README.md,1664
lv/README.md,1664
km/README.md,1664
ne/README.md,1664
hy/README.md,1664
bs/README.md,1664
ka/README.md,1664
is/README.md,1664
lo/README.md,1664
mk/README.md,1664
fil/README.md,1664
sq/README.md,1664
mt/README.md,1664
iw/README.md,1664
jv/README.md,1664
uz/README.md,1664