Y2EvUkVBRE1FLm1k,Tv-ioCcvWDN72-h05BUFsw
Y2ViL1JFQURNRS5tZA,wUmhbF0GPoXoHHbH1C1WEQ
Y3MvUkVBRE1FLm1k,6d9Ykf2VDz9ZBx9ssQqjUA
Y3kvUkVBRE1FLm1k,BafzaCjdToIIJ1xi3qD4aA
YWYvUkVBRE1FLm1k,OfUIepPkiVUur7QK5wj4_w
YXIvUkVBRE1FLm1k,awjvLvP8Swflw83Csk_ddA
YXMvUkVBRE1FLm1k,J4Tu0VgCk02LOQropGVIKg
YXovUkVBRE1FLm1k,GXOEE98cKmXmEvIcLO-1Dw
Ym4vUkVBRE1FLm1k,qACGIQ30oUg5iKFzoFMyHg
YmUvUkVBRE1FLm1k,C31vurJIWbFLUgvvx74_ww
YmcvUkVBRE1FLm1k,NPoKdscad-CWvl6xag5XoQ
YnMvUkVBRE1FLm1k,nAtgJI6syeoQ62deK1XGzQ
Z2wvUkVBRE1FLm1k,l-GBZAB8G3GaSf_ZCt3L0Q
Z3UvUkVBRE1FLm1k,ucjLG5IWOjmuN6Onxs0PMg
ZGEvUkVBRE1FLm1k,ADsCOBfQO8wUrtPLIXh0-w
ZGUvUkVBRE1FLm1k,XXRATGy8iNNlaZd4dn1-VA
ZW4vUkVBRE1FLm1k,5wen3ghsDHB4fqznhGG65Q
ZWwvUkVBRE1FLm1k,4bhcaqhTmiVNEbT_SmvYNA
ZXMvUkVBRE1FLm1k,9WkrMCfTURTiXFkSj6ltHA
ZXQvUkVBRE1FLm1k,GA9SVCIWlFObx4R7A3zmkQ
ZXUvUkVBRE1FLm1k,r4wOy4HJ3NYylcDTg6kDzA
ZmEvUkVBRE1FLm1k,P_lnhqQshum68MlZQIb0gQ
ZmkvUkVBRE1FLm1k,DT3YxtaWGdxfljyefat85w
ZmlsL1JFQURNRS5tZA,6_UzbkcJd-TrNtFRVaEyuQ
ZnIvUkVBRE1FLm1k,RRzUWoB3AttHgAiamSK0gw
a20vUkVBRE1FLm1k,ERzVGxEdl5wzUo8DHd6N8A
a24vUkVBRE1FLm1k,_saKi9JP41ShRgqNcvvBgQ
a28vUkVBRE1FLm1k,0r4COJXhilAxWY2v5s77nA
a2EvUkVBRE1FLm1k,emt4cgW3nLqlGq2-xKkzEA
a2svUkVBRE1FLm1k,SXx2c2BZWmW6Gd_7WFjmig
aGkvUkVBRE1FLm1k,K6C7pRCM2oDlV0bL4y5QUw
aHIvUkVBRE1FLm1k,Iqsih0EysPGr9bVZMRP5rQ
aHUvUkVBRE1FLm1k,aqx3bxg0YVHp1sP9aQlcfA
aHkvUkVBRE1FLm1k,DhvBkWKPrmEFyXmvWOo9AQ
aWQvUkVBRE1FLm1k,V0J6HXpxcC2I8Gt7kgfQYw
aXMvUkVBRE1FLm1k,iqxtmKxejW8YTai54oQIMg
aXQvUkVBRE1FLm1k,pv-oFL5CTGoGcFDV8RLFEQ
aXcvUkVBRE1FLm1k,XSlXM9Laqm9jq0n5wmVOzw
amEvUkVBRE1FLm1k,uzxE9Zdw0ryfZpHbaVbFQA
anYvUkVBRE1FLm1k,KPchysOEKIDhH4mtRmXisw
b3IvUkVBRE1FLm1k,j-uhkIjp2EjZJUktRu1GNw
bG8vUkVBRE1FLm1k,PgTmFsA2CHKNv40PU7OHyg
bGIvUkVBRE1FLm1k,ns7DuV6sR_Xy6j6OuyF46Q
bHQvUkVBRE1FLm1k,v2e2PG8mR7yabHYM-RyPrA
bHYvUkVBRE1FLm1k,K4c-kietVXMo3LEb2uaXsw
bWsvUkVBRE1FLm1k,PD6cunIHRWKpDQB5zNDlhA
bXIvUkVBRE1FLm1k,KAPTT16qTtfpPGn5a82PFQ
bXMvUkVBRE1FLm1k,VlrPv4PHbC_3Ly8yRTb1kg
bXQvUkVBRE1FLm1k,KLxvzqIsUZFtRuVemG_R8w
bXkvUkVBRE1FLm1k,o1-u3q53BWJ6KJwDmpePow
bm8vUkVBRE1FLm1k,dRp9sZWGbtLxztvsD7Ig1w
bmUvUkVBRE1FLm1k,AZbUGsjbi8_b1YAKNu0u7w
bmwvUkVBRE1FLm1k,RG5FU-3wUo1jFMMEGzbsSg
c2QvUkVBRE1FLm1k,kdvNqAgTKEMjVHml762Avw
c2kvUkVBRE1FLm1k,p1U-lmvVeGLrVdwPXbH63g
c2svUkVBRE1FLm1k,n7dGPjJ9NtGvTesLaOqDWQ
c2wvUkVBRE1FLm1k,C9oY6xnQKH25HqmsUb_kRw
c3EvUkVBRE1FLm1k,GovXbF0XQWqYBvzETxbjIA
c3IvUkVBRE1FLm1k,5VTRkGvcxX_ubhUTiA5uOw
c3YvUkVBRE1FLm1k,0VXxvuZzEX09jx20AHah2Q
c3cvUkVBRE1FLm1k,oZF_Hl-dwAI1dvj4AWZStg
cGwvUkVBRE1FLm1k,TPJAyTA6_gAkwgvEFzOI6Q
cHQvUkVBRE1FLm1k,E_dtQvrA7tqiR960ebvaGw
cm8vUkVBRE1FLm1k,plX_EsJqXhJ6SQKpXuHqlA
cnUvUkVBRE1FLm1k,Ap-4zmm8gNeQrJfQL0IbKw
dGEvUkVBRE1FLm1k,ZlYJAJaAErKbshxni65_Zw
dGUvUkVBRE1FLm1k,mw-8DfhUpoOycLPt0KDNGQ
dGgvUkVBRE1FLm1k,N4Sdl8LGsIWDy0c0pDOgTA
dHIvUkVBRE1FLm1k,esvEvKny7YGm4vsoVRNAhQ
dWsvUkVBRE1FLm1k,cdzzo2ctNnSvNO05QgbNzA
dXIvUkVBRE1FLm1k,6kN-oKV0biy6qKbwK5MZSQ
dXovUkVBRE1FLm1k,WdyIdXlwE_VgFZ_epaipwg
dmkvUkVBRE1FLm1k,1YWPGdyE25BlP5a3jNsSwA
emgtVFcvUkVBRE1FLm1k,zKhtTNZfp_Ltl8vINhW1eA
emgvUkVBRE1FLm1k,qxmIieyp02cM3T2v2hMT4A