Y2EvUkVBRE1FLm1k,kLofis3AzDbY-GQ9oae-4w
Y2ViL1JFQURNRS5tZA,6q_vr-_xpoX6eUPKru8_Fw
Y3MvUkVBRE1FLm1k,PMN8JJYynKapnrPvTPUjEw
Y3kvUkVBRE1FLm1k,EoT2l5PHqibnSD-EZ2BzGg
YWYvUkVBRE1FLm1k,Ud0-UvON_KjE_SHaKvfHSQ
YXIvUkVBRE1FLm1k,dGIENrU8a0C98EzLf8L2rA
YXMvUkVBRE1FLm1k,xjl2DWBkmLh3tY2knuem0g
YXovUkVBRE1FLm1k,rPdT9HI3FZQ_a6hEiQwA9A
Ym4vUkVBRE1FLm1k,aA8kb7AYfiaBt3CqFDRh8Q
YmUvUkVBRE1FLm1k,xK_stx-kjolthzUrbBsChw
YmcvUkVBRE1FLm1k,EqOBDh6J2DDLUbMBSZ4MOw
YnMvUkVBRE1FLm1k,irIllQxs6eFFr4XXfiyeTQ
Z2wvUkVBRE1FLm1k,POb3zTYzshO6fUBTpeTRRw
Z3UvUkVBRE1FLm1k,wtl_Q1yvT-gVUS13TjbWkw
ZGEvUkVBRE1FLm1k,OVl_ZftV6fcvf6OxZFoKDQ
ZGUvUkVBRE1FLm1k,ulyTmumGx8zgckXcwgFqnQ
ZW4vUkVBRE1FLm1k,k-589gsoDE2KLcKhh99ajQ
ZWwvUkVBRE1FLm1k,OoJdVHlPzXyTTjYWNV-mMw
ZXMvUkVBRE1FLm1k,AzDrksZx3K_X2q41tILZVw
ZXQvUkVBRE1FLm1k,EYUR5VK0UMDRmPVJo2DVTg
ZXUvUkVBRE1FLm1k,qc4E9_EL8MfHAU3-Y6kBqQ
ZmEvUkVBRE1FLm1k,NPv4B6fLo-Dx6fbAiCKndA
ZmkvUkVBRE1FLm1k,3LBdpibQwQfYjzmsF8ZtHA
ZmlsL1JFQURNRS5tZA,fH6L4atubY7TNJpEwbafPw
ZnIvUkVBRE1FLm1k,9ynNRBbn-I5E0EkEtiZczw
a20vUkVBRE1FLm1k,--z2Ol5HFy1s30uBeI1C0Q
a24vUkVBRE1FLm1k,nh-VBLSwsF6Uy1gQPAJ_Kw
a28vUkVBRE1FLm1k,AyKPKltPZaF0V8mJbLSFtg
a2EvUkVBRE1FLm1k,K1hPNOyxnLSBdFE4au0UYg
a2svUkVBRE1FLm1k,-5vWaWa4OjCI5INtO1Pg3g
aGkvUkVBRE1FLm1k,7Yt60T5bIS41BkXFwfiWtQ
aHIvUkVBRE1FLm1k,SMFS1lHbCgfP21IhTIyU1Q
aHUvUkVBRE1FLm1k,gZUA8M2Rvc7XOeayQ52XNw
aHkvUkVBRE1FLm1k,JOxK6-8X1GQZueoaYM35Ew
aWQvUkVBRE1FLm1k,zUg9_znWt19ljwekx_nQng
aXMvUkVBRE1FLm1k,3zX6SqSSyyxYvtuKIFPK8Q
aXQvUkVBRE1FLm1k,OAuKRDicV4DI1YE-RCL8Jg
aXcvUkVBRE1FLm1k,swLzfRgDRPCcEe4U6gwBtA
amEvUkVBRE1FLm1k,iSYjiaf6ygK2yZBrKEFGZg
anYvUkVBRE1FLm1k,m7NrblP7OCvG-ioFCTGnDQ
b3IvUkVBRE1FLm1k,Nttbyad0ZYIvDQE_Sl2Baw
bG8vUkVBRE1FLm1k,BPZAX5YmNRqhlxEciOgqoQ
bGIvUkVBRE1FLm1k,ccEmdAbJ5b96WDHLQ2gWXQ
bHQvUkVBRE1FLm1k,G5H3zSyxEtT3dwZvjP-EUA
bHYvUkVBRE1FLm1k,yhAA-RQga5cQK5BcI9hn_w
bWsvUkVBRE1FLm1k,V1_T4z1bfTEMErsXNEEHNw
bXIvUkVBRE1FLm1k,TsuJtMRZ1QR3GRPwr59mOQ
bXMvUkVBRE1FLm1k,wF_YhKa54XjMtlL73jHykg
bXQvUkVBRE1FLm1k,eHciEnqJBVRDL85FmJvOZg
bXkvUkVBRE1FLm1k,jy0mWbUvAAqMjSt-C-XF-g
bm8vUkVBRE1FLm1k,BVSO9tcoggkzlMONfUQqmQ
bmUvUkVBRE1FLm1k,lC-zYHgonaoG9rpBfbqRcQ
bmwvUkVBRE1FLm1k,XB8MaT-7bYSTt0SeSIhrTw
c2QvUkVBRE1FLm1k,w7edACtB4cgjy0qb0NDBiA
c2kvUkVBRE1FLm1k,7dJhtvS1EjbFvozzlMS8Jg
c2svUkVBRE1FLm1k,V50E0vHk0QysMTqNJMeEGg
c2wvUkVBRE1FLm1k,mSaAIPTJ8AhlyfUJUNRS7w
c3EvUkVBRE1FLm1k,hBz6LIb1d_LYFaNBFzKjzQ
c3IvUkVBRE1FLm1k,VdgogZaYx9WLsj4yZV9NQg
c3YvUkVBRE1FLm1k,EqCpmHT3URkA12ReRcb3gw
c3cvUkVBRE1FLm1k,sDXUarxLNEmG6zJwoaFEiA
cGwvUkVBRE1FLm1k,tdE9x9WEfg1dtA0iHXMCtg
cHQvUkVBRE1FLm1k,24xIwk17UN_7YchlAZlX9Q
cm8vUkVBRE1FLm1k,Lpfs3hYqIaq-rP41py8-tg
cnUvUkVBRE1FLm1k,JVc4GZY9A-zIr5YYlX2u-A
dGEvUkVBRE1FLm1k,3cpsgGHzVcMAyLTx4Czn_w
dGUvUkVBRE1FLm1k,u89-a7sQoIJ7mo0A9YKq8w
dGgvUkVBRE1FLm1k,a2QfAQfAJ3vo5WSHPvSXzw
dHIvUkVBRE1FLm1k,Vg8uPSMpODeAZa9RRrzAsg
dWsvUkVBRE1FLm1k,q-daWUmdtQ_ik-0o79Y7Hw
dXIvUkVBRE1FLm1k,VHKllqwOgv56_yEAFxOyRA
dXovUkVBRE1FLm1k,n9Zid8P2K6KXJsKGhxHrbg
dmkvUkVBRE1FLm1k,nRcuWA4WoeGqZOXlNqWTRw
emgtVFcvUkVBRE1FLm1k,0cIJ96jpg5sR3_bcH_ebHQ
emgvUkVBRE1FLm1k,coFFr2dEmWR31Ue8dV5B8w