Y2EvUkVBRE1FLm1k,KSxzteaHEZ3r12bVM4Tahw
Y2ViL1JFQURNRS5tZA,vk5xW5Wj9q_lbJNoTZ_eCw
Y3MvUkVBRE1FLm1k,3z7t2HjU8H8HO5lBIOWxAw
Y3kvUkVBRE1FLm1k,DAsYQcWr8sDIv3W4OwEVlg
YWYvUkVBRE1FLm1k,K0T8bA2h-EDBLPEbF-xMgQ
YXIvUkVBRE1FLm1k,S_srgz9oKDG-w5PSa9h_BQ
YXMvUkVBRE1FLm1k,NmRwjDH-gqeGhn3dPq2aaQ
YXovUkVBRE1FLm1k,4fboTgZ7WavSHHH88C3Vmg
Ym4vUkVBRE1FLm1k,IcJw0x8-XNunxGGWhhQI8A
YmUvUkVBRE1FLm1k,rL3yZUuFLm1jcpwdKxvKOA
YmcvUkVBRE1FLm1k,5uopFSLa5pNHJE0g6Uz6pQ
YnMvUkVBRE1FLm1k,CjXnR2vgaDK7a8b3ReMqVA
Z2wvUkVBRE1FLm1k,NDl2ccHAwMIhAXoXj_fW-g
Z3UvUkVBRE1FLm1k,V7nIOmHHhsAeY0EZrbxAYA
ZGEvUkVBRE1FLm1k,8NAmL5Tx7vUKpuMveNWXaQ
ZGUvUkVBRE1FLm1k,xC1evBHHUk7N1pZweqnOaw
ZW4vUkVBRE1FLm1k,-OGBVtxmRfdEWgBrI06_xg
ZWwvUkVBRE1FLm1k,at6jscH-vE2cRGpYm7AA_g
ZXMvUkVBRE1FLm1k,Y0vd0YVzkjhGCodhnzROYg
ZXQvUkVBRE1FLm1k,VWymhx420qBwQHg4NsFLhA
ZXUvUkVBRE1FLm1k,9_M3Zll3edMJd_Iw7NNhCQ
ZmEvUkVBRE1FLm1k,E63t9nTLCFC9uUUJCFOtPg
ZmkvUkVBRE1FLm1k,29jminT8Wu86KJ3u_545OA
ZmlsL1JFQURNRS5tZA,f44IZemFdUc-xgtdPtbGHQ
ZnIvUkVBRE1FLm1k,5UsYlkXc5oOeItXESBuGGA
a20vUkVBRE1FLm1k,Go66m83woqBvI35Tf4ci0A
a24vUkVBRE1FLm1k,dsTLisPnJ1strEabln8Rlw
a28vUkVBRE1FLm1k,Og5Hhrp6P-C6ALyFz72izw
a2EvUkVBRE1FLm1k,PvnPG5XZUqm1hKT0j1KhNg
a2svUkVBRE1FLm1k,gjfUeZA1di2N1uhYMNFFWg
aGkvUkVBRE1FLm1k,GDYqFf2sA2tbSG53TEqxzQ
aHIvUkVBRE1FLm1k,RSIQBlbrsBMHAbxLFTQZhg
aHUvUkVBRE1FLm1k,jh8wn_1ebZDNVrG4-LlTZw
aHkvUkVBRE1FLm1k,yRo8Koaiwx9dawFHsZo-RA
aWQvUkVBRE1FLm1k,-lcv96248IuFgNxUslwl4Q
aXMvUkVBRE1FLm1k,_0WeCye-e3wKmhuDQqWFXA
aXQvUkVBRE1FLm1k,Ras94YXazAQAiBUBttQ7FA
aXcvUkVBRE1FLm1k,W4zJzL1bzZmbcNlbCT-hrg
amEvUkVBRE1FLm1k,SHMnrIY0IgekMFV8M7Dn-g
anYvUkVBRE1FLm1k,BTdJwnzatxk9pzfklxe6oQ
b3IvUkVBRE1FLm1k,ltMw5bcW8ojeR3ng7Odflg
bG8vUkVBRE1FLm1k,F7ub2FSDpQneI5S6HUOOPg
bGIvUkVBRE1FLm1k,T81qzNUJLwGlFT3I-yYIdA
bHQvUkVBRE1FLm1k,f8MvXG6dxILzb6sB43sfXg
bHYvUkVBRE1FLm1k,9Z1p0AWHMKovULggqzOkMQ
bWsvUkVBRE1FLm1k,h1PBYDIbe-dGmAgdy2DSJA
bXIvUkVBRE1FLm1k,Xi3CPtrK3ri_XWXhJLN3rg
bXMvUkVBRE1FLm1k,XJfd5TD8z5Gkyx56WYYCNw
bXQvUkVBRE1FLm1k,vgF6TkFFVA9SnK18EFIwbw
bXkvUkVBRE1FLm1k,9N-YlUarpHXfIU_w4c59qg
bm8vUkVBRE1FLm1k,P8SW7qVO6bykWxhgwRcj4A
bmUvUkVBRE1FLm1k,_4Dbcu-F4keGVjdALS8cOw
bmwvUkVBRE1FLm1k,nRT42NASKFmSm3mWOLqz1g
c2QvUkVBRE1FLm1k,QSKsn_LBNcECSYZpVOzQyw
c2kvUkVBRE1FLm1k,MvWI5cPEHpdSnXK0R-otmQ
c2svUkVBRE1FLm1k,c06JFm3Ejd6ytdS_sA-C-Q
c2wvUkVBRE1FLm1k,Ifvs1muqrSEJWV9uCldtHg
c3EvUkVBRE1FLm1k,q7Kk6l24KrqynJN4iwsGzw
c3IvUkVBRE1FLm1k,VDxli9-c1rshuv0U3X5m7A
c3YvUkVBRE1FLm1k,1wCa49Nt889-9wKu9nkIJw
c3cvUkVBRE1FLm1k,xq7Eta__Nzh6Hn9ar12eVw
cGwvUkVBRE1FLm1k,G6pdhoS3j2NfZEhijbYLEQ
cHQvUkVBRE1FLm1k,mOzsL8gR_QF71oi9sVWRog
cm8vUkVBRE1FLm1k,TpWa09RNFQZ1R7Tzn7XNGw
cnUvUkVBRE1FLm1k,QTamONKZ_DoRi4a9earPfw
dGEvUkVBRE1FLm1k,ws6kmveQhNtfX7BqvWNJ2w
dGUvUkVBRE1FLm1k,UxNA2o8HIwyjJSncP8HbbA
dGgvUkVBRE1FLm1k,Y7ae4PjuFEPJCbSEhxqKTg
dHIvUkVBRE1FLm1k,yrYNmJTxwdfiityg0xBN0w
dWsvUkVBRE1FLm1k,vm5_Ql_b8qiMX_tRLnFLwg
dXIvUkVBRE1FLm1k,UOwwG8JuGRNLJskI18XKFQ
dXovUkVBRE1FLm1k,8IMd-cpx1Iux6JuZTrNYMg
dmkvUkVBRE1FLm1k,ENJuGKTGlwTKbYGlXegNag
emgtVFcvUkVBRE1FLm1k,Oci4S6zXacFdpvoUB7uTag
emgvUkVBRE1FLm1k,jJdXZXCuNixJZhd2fKCj5A