Y2EvUkVBRE1FLm1k,mcl9eBW6-Ez0VMAciPb-sg
Y2EvanMueW1s,71n5K_DI3GqVxj_a6N9n6A
Y2ViL1JFQURNRS5tZA,jwN-KLFJr46mEwrobufcYg
Y2ViL2pzLnltbA,gOKtOZ7zMCdtB1ZupYg5HQ
Y3MvUkVBRE1FLm1k,gboW4K8FmkAACPUATW5UWg
Y3MvanMueW1s,tpKnHBMZxN6hLPKSC4ItIQ
Y3kvUkVBRE1FLm1k,-UTuoVPHVi4hW07YJh5LiA
Y3kvanMueW1s,IRExWzp8Ej1CG0KSkFtGTw
YWYvUkVBRE1FLm1k,qkT6ODE9yYxvM9QmnT0VrQ
YWYvanMueW1s,6QH74pC8zFSMe4NzCtZPZg
YXIvUkVBRE1FLm1k,_bfHn5X7v0juCLPZmB50mw
YXIvanMueW1s,B0hpLnCSFOcsqs8Xe5PmIA
YXMvUkVBRE1FLm1k,Z1TJIYlZP42OczXevofG1g
YXMvanMueW1s,DSLilTxDDFJp-W4uHRH_3g
YXovUkVBRE1FLm1k,b5OPaRo5M6AvqLJHfA9rXg
YXovanMueW1s,y7xt_o2QB1S0-ZG54xMmIA
Ym4vUkVBRE1FLm1k,pWVkyKaDeuv59WH6x3e5SA
Ym4vanMueW1s,xawe0-AN7juBITN9lWjBhw
YmUvUkVBRE1FLm1k,88sf2LkQXh3HJ06i_Sef6g
YmUvanMueW1s,GVoG_YecYkXSdNfNKjO3Rg
YmcvUkVBRE1FLm1k,MeP72rtf8rcAJBLb29fsdA
YmcvanMueW1s,hKQAI-fxJM0pcjG24T-fgg
YnMvUkVBRE1FLm1k,RYgxMJN1wO3MdxfZIRV45w
YnMvanMueW1s,hRevzK636I8VUOpqSXJABQ
Z2wvUkVBRE1FLm1k,wMt3LY3kIu2glz7wv43ApA
Z2wvanMueW1s,22f9_cmNvzZ58gY8qnVjvQ
Z3UvUkVBRE1FLm1k,Ah6Kc7RFkmh8dO0XMmGILw
Z3UvanMueW1s,vxQWQp3WzpIsCIvI9kDQEg
ZGEvUkVBRE1FLm1k,EJtZVVaRrsUNWnaWt6fkWw
ZGEvanMueW1s,VnsgWPpylEiBOLmP07BVog
ZGUvUkVBRE1FLm1k,4xv1sNqPrliWIeaFJdqxCg
ZGUvanMueW1s,e3cAbA0Y6_R2feyuEnDG8Q
ZW4vUkVBRE1FLm1k,468dd1Q6NI0LYRSfZi86Rg
ZW4vanMueW1s,A5LmSxzRKSnicKc5t8vPTg
ZWwvUkVBRE1FLm1k,RhgPHA5ZDF6c-DVjMa2McQ
ZWwvanMueW1s,tvGpgM1XUjScbpUujk51Rw
ZXMvUkVBRE1FLm1k,Hr8JtxerSC8vilIUFm7KoQ
ZXMvanMueW1s,5IwisJZp18-BpgrQhyHY6g
ZXQvUkVBRE1FLm1k,R3rDvbqu3qTc6hAsMKKjZg
ZXQvanMueW1s,p_cPfOphNgrj9sVmAj_5GA
ZXUvUkVBRE1FLm1k,f3SrxB-v4F0lbh4zAuFAsw
ZXUvanMueW1s,jgpzyJGbP_SPL_lz0E87pQ
ZmEvUkVBRE1FLm1k,FEUB9HFqN5VpMugg_gyybA
ZmEvanMueW1s,dsahQ8hCEUyb_8fwBfaflg
ZmkvUkVBRE1FLm1k,fa5k15hZDP2mZT0KpORcEg
ZmkvanMueW1s,T6Ss_C54vyBOjA2VLSk_1g
ZmlsL1JFQURNRS5tZA,7c1twnOPCVZlQD94IeFoIQ
ZmlsL2pzLnltbA,6J51R2Kvqsd6g4whU1PvgQ
ZnIvUkVBRE1FLm1k,42neOX7WoRWKoJBa9E5h_g
ZnIvanMueW1s,KLW_rvXzje9yUVgqLBhi4Q
a20vUkVBRE1FLm1k,xBRDG7bXex0BBDdctQN-sw
a20vanMueW1s,tpERsi7btVRUG-xFl-JUhQ
a24vUkVBRE1FLm1k,TZguAuxWPb_OJpqjCX3lQQ
a24vanMueW1s,OB5DYjF2rkEXSqcIHj2RJg
a28vUkVBRE1FLm1k,r5xyR6yib2Ksqj66rbW71g
a28vanMueW1s,zMaaAosVXoOAoRi5p1kIRA
a2EvUkVBRE1FLm1k,MnVE84gIgDOigZl1sO4eJA
a2EvanMueW1s,XwvMqzJS6pbQ8qd-gxJf9w
a2svUkVBRE1FLm1k,jZEylkoCQhMjWgE6NFObMQ
a2svanMueW1s,J5ryV-nwjIG2YoNUNOzs3w
aGkvUkVBRE1FLm1k,Fb5-oEHrLaYj66OnMzqepg
aGkvanMueW1s,O7Bv-r6v-kmPLykG_M5EdQ
aHIvUkVBRE1FLm1k,b-Lj7KKIhkslQA9aFF6M5w
aHIvanMueW1s,hRevzK636I8VUOpqSXJABQ
aHUvUkVBRE1FLm1k,sXoNnLmP0KQtRPaPOYraZA
aHUvanMueW1s,FaMv7NudSJRHsPNEMxlTzg
aHkvUkVBRE1FLm1k,SFhZuJSW3wiNs0vvTxFEpw
aHkvanMueW1s,06MrL7IyCpvgEL6GeAlshQ
aWQvUkVBRE1FLm1k,g4FjceRF5beFUqabMIZL4A
aWQvanMueW1s,Lkw-JhAvyO5NMeZfgAo-eg
aXMvUkVBRE1FLm1k,lTbr3aYaPNJ3aTXyhFvDGQ
aXMvanMueW1s,vODcYX6DoeyilOaLCvlEVQ
aXQvUkVBRE1FLm1k,jxwj2rQMJDNhAOhkwopd0Q
aXQvanMueW1s,AeKSC4rw1K5IEHdG9tHaDg
aXcvUkVBRE1FLm1k,aDDw0kWpxeBY5gUhszqjmw
aXcvanMueW1s,Ktc5QEyBlgZLb6YFPSVjNQ
amEvUkVBRE1FLm1k,lSEp77SgHXdzk0tKgWPmVA
amEvanMueW1s,OVlSYwN7Ev8FxZkIv2Y2Bg
anYvUkVBRE1FLm1k,t7njsr9ie_SNwRah2vKidQ
anYvanMueW1s,AWN4bNe7SsSKXWfDy43kBg
b3IvUkVBRE1FLm1k,-hbN4VOTUIIsqFSHX30ffQ
b3IvanMueW1s,pOzQJmCKXT211hXgBPZE0A
bG8vUkVBRE1FLm1k,FV9HK082HuSURZiwxv-0qQ
bG8vanMueW1s,bu1sLXjbxsfPhJBe9uV02w
bGIvUkVBRE1FLm1k,t9aonRNoaG2ljM4Hunu9Mw
bGIvanMueW1s,HNXrGsxm0jNvgRAiL929lQ
bHQvUkVBRE1FLm1k,gu72CCxQtEo-uyPMGZ59wg
bHQvanMueW1s,d-COcK2gOCJUQD6joF8bXQ
bHYvUkVBRE1FLm1k,34Digso3EamlfZcC93lhqA
bHYvanMueW1s,vA8jEYJ9I544lBjWOS8a4g
bWsvUkVBRE1FLm1k,2q9Xz0oVflZKgId4WY5xhw
bWsvanMueW1s,KftjBJ2LOkDHZyL6zcHhug
bXIvUkVBRE1FLm1k,dtQFVJ02sJer0NVoOdiWAw
bXIvanMueW1s,qqx6kWvBckw-REofOo17kA
bXMvUkVBRE1FLm1k,HNXfdNfrXs1jBUAUStHWFQ
bXMvanMueW1s,hPBVreg5g8W6bI_5NTntpw
bXQvUkVBRE1FLm1k,nGk8xoUldXUzSgn5_Y8svQ
bXQvanMueW1s,ut011wPa4YmDU139pR6nlA
bXkvUkVBRE1FLm1k,GpDau9zGQalG5mqi6WKftA
bXkvanMueW1s,cF2dgmBRNK0kfVG7e6w3pQ
bm8vUkVBRE1FLm1k,jfv6wiv-oD9SnGMepAjUGg
bm8vanMueW1s,9a21m1Re_CMVyJJeleSSGQ
bmUvUkVBRE1FLm1k,2qYWF59Rwl18HFB7NIGfKw
bmUvanMueW1s,eLuFlobCY_tIUcc53gAXew
bmwvUkVBRE1FLm1k,bscA3kNjnnS1mRdIi4CiYw
bmwvanMueW1s,aS7zcxka454vHIb4MySPcg
c2QvUkVBRE1FLm1k,iU6ezRCSQxW_PpYrGN1apA
c2QvanMueW1s,bNWBI8JQxR0s_mVa1jWNmQ
c2kvUkVBRE1FLm1k,-4vbRsKsya8MBEdPCme9cw
c2kvanMueW1s,J20hbMmoQ-VjpqS4fKCtMA
c2svUkVBRE1FLm1k,FrX-Zklcfo-67X07esQI8Q
c2svanMueW1s,K0OTBff5jvYThpu_wTH6jw
c2wvUkVBRE1FLm1k,hsZUNK24sj6z8yYiOAUjZA
c2wvanMueW1s,k-7RX1xRVZBtToYoWUBQeQ
c3EvUkVBRE1FLm1k,kFlO5YWYEOFK977G05bWQg
c3EvanMueW1s,eeb6IwpypSCA-WucqIvF-A
c3IvUkVBRE1FLm1k,ti7U2XpYe1Hneoq1XAeq6w
c3IvanMueW1s,3CxSD--4e16gI6rMgzCq0A
c3YvUkVBRE1FLm1k,kwkR0q16jzpuZ86MYCf8Vw
c3YvanMueW1s,LqFlhazaAf1SG8ZHiFwqWg
c3cvUkVBRE1FLm1k,lIPNQw8vGD8NY8jEPWG6HA
c3cvanMueW1s,28az59mCaOzy2zvfx5uPgA
cGwvUkVBRE1FLm1k,eG-P4Rp9QClARa5bprjoqg
cGwvanMueW1s,_B6OmWmmNtMhcQc9_XVgZA
cHQvUkVBRE1FLm1k,-yLMX9m9CQYIwDSfwV7ErQ
cHQvanMueW1s,BBGKMpqjWw51MgsN9FE0jA
cm8vUkVBRE1FLm1k,fGiJATHAJyGYB8MLmi2mVw
cm8vanMueW1s,g-ss4ZD_zmxjGGLrKoMvPw
cnUvUkVBRE1FLm1k,2qGtiU5SvmDipdz_K42gMw
cnUvanMueW1s,9-iB2HnH6kDXlBqpzqKoCA
dGEvUkVBRE1FLm1k,9TqCQqtxIfs9oBff6Vxqbw
dGEvanMueW1s,QM1rI2MdyefNxVW_E01pIw
dGUvUkVBRE1FLm1k,qwFw2g3Ce7Fp1GSq8CbCLw
dGUvanMueW1s,8YAj1spOEVSL11eFZOMhiw
dGgvUkVBRE1FLm1k,ac9XlT1ghS7Ck6ojK1HB3A
dGgvanMueW1s,SvViHnMR9dDFoqC0AYt6zw
dHIvUkVBRE1FLm1k,_p2F9Ir4ZjyEng8QVqsutQ
dHIvanMueW1s,hcYGfuCKt25F5XvOM2zk3A
dWsvUkVBRE1FLm1k,AAPkdO7J3mkhQihVZ-KFhg
dWsvanMueW1s,DbeH34QcW-0608dzi8ojew
dXIvUkVBRE1FLm1k,9Gs8gnLn-uWgd7s6PS30uw
dXIvanMueW1s,LX3mJe0gtF8HluvBRKacLA
dXovUkVBRE1FLm1k,NdvJDePtZop4ViyA8-ARpQ
dXovanMueW1s,OZNRsaGXxCtezrR8IZamYA
dmkvUkVBRE1FLm1k,amChxoQ_Q308F-0m3orj5w
dmkvanMueW1s,2ClqmTB3nJCYmdk8poqdpA
emgtVFcvUkVBRE1FLm1k,tjGs6BDoTbaneUso5pOqDg
emgtVFcvanMueW1s,P5qgyMpepP3m_3lfZljOZg
emgvUkVBRE1FLm1k,-X-doOJ-7ri1Xb4bAv_3Xw
emgvanMueW1s,ZU13xxTBuwZ7svo1sLMOpg