Y2EvUkVBRE1FLm1k,A_OnNt46pZeW8rO6JHXVOw
Y2EvanMueW1s,0K_LEjhqhSTfNieOQDc3yQ
Y2ViL1JFQURNRS5tZA,rYKbKZyTUNKa-yQppgb3SQ
Y2ViL2pzLnltbA,7FN_10xUUc3DjzJWNZLqHg
Y3MvUkVBRE1FLm1k,lLzxJiY-PZy4bogcaRXyCQ
Y3MvanMueW1s,kJVfeRjIrtxviSiAfH_mpA
Y3kvUkVBRE1FLm1k,R4xDJLBMvIj0XBlzOhKOFA
Y3kvanMueW1s,FDCUCWEkLacs6v28k3_C-w
YWYvUkVBRE1FLm1k,IUWJ2qF3aDFLi3ay0KEjow
YWYvanMueW1s,NrQQ-18kGW-faWq1dg-ytw
YXIvUkVBRE1FLm1k,ECYR5dkg6hlzLlCv1upv0Q
YXIvanMueW1s,7yYJJYeJb6j78XuLTcUTog
YXMvUkVBRE1FLm1k,JtAcUbYnT2XX_JVEPLQiwQ
YXMvanMueW1s,t4GReZpyNg7wsYHvKkssew
YXovUkVBRE1FLm1k,2xU5BU9To2EIVtM9_DMp4g
YXovanMueW1s,Mx1PGLyqKp_5wY-ptIClxQ
Ym4vUkVBRE1FLm1k,CRjj-jg0el0j2TJcxsALzQ
Ym4vanMueW1s,AN406i5pbty41tyVn6kD5w
YmUvUkVBRE1FLm1k,8dmEFcASrcE35I0b-40nSQ
YmUvanMueW1s,9ZjEDBEzG03ht8ShxM8tfg
YmcvUkVBRE1FLm1k,GnsSsRAcEjNZ10xrNXGOUw
YmcvanMueW1s,9ZjEDBEzG03ht8ShxM8tfg
YnMvUkVBRE1FLm1k,WsnFOhXrmt_O_9xt_Ic4AA
YnMvanMueW1s,Mx1PGLyqKp_5wY-ptIClxQ
Z2wvUkVBRE1FLm1k,8mNio-ER8jCtmfHp62Li4w
Z2wvanMueW1s,Nmko-3LuQu4u7lCUXiZKDQ
Z3UvUkVBRE1FLm1k,BWIZVgdSGwU_6EIeZXy9Hg
Z3UvanMueW1s,Sg146TAoFvo8IUl88mhOnw
ZGEvUkVBRE1FLm1k,hnx17orp4unzrSYAPndBcA
ZGEvanMueW1s,NrQQ-18kGW-faWq1dg-ytw
ZGUvUkVBRE1FLm1k,mSqJEMqZm0RKf_0v6wDj7w
ZGUvanMueW1s,dMe2FeWxPK0Tiktxw9q4Pw
ZW4vUkVBRE1FLm1k,s-rj4t-Av3NxZJ4tXekb5Q
ZW4vanMueW1s,dMe2FeWxPK0Tiktxw9q4Pw
ZWwvUkVBRE1FLm1k,iL3OGMEW-uD5cUubXYAP6w
ZWwvanMueW1s,YeMn-KAujqwLE-KP5Svh-Q
ZXMvUkVBRE1FLm1k,5bb3MgM7i_ZUsdfAtdKiQg
ZXMvanMueW1s,Nmko-3LuQu4u7lCUXiZKDQ
ZXQvUkVBRE1FLm1k,sGdB3IhzYMpm7NdINfPWPA
ZXQvanMueW1s,R7N7PY0jYo9ceNlLsghoBw
ZXUvUkVBRE1FLm1k,0-_ByuiKgKsK3mpaktytgg
ZXUvanMueW1s,cN6dfS4yFLBxuvKjXpN4yw
ZmEvUkVBRE1FLm1k,lmtWkqInnD3i5mNDoHYmtA
ZmEvanMueW1s,N8ZrBuDW-k_Kia9ouaBKzg
ZmkvUkVBRE1FLm1k,_tnnlopmq2dqEB7yTiMRBg
ZmkvanMueW1s,FLYBStarMmw1lJye9gP1Lw
ZmlsL1JFQURNRS5tZA,fFmmtd4kT4PMCUF-qiy_4g
ZmlsL2pzLnltbA,9_7dHaMM-Vtx-r60EXz99w
ZnIvUkVBRE1FLm1k,QtpHafFutEalORY8UD9RaA
ZnIvanMueW1s,9_7dHaMM-Vtx-r60EXz99w
a20vUkVBRE1FLm1k,tfIw6OQ_XMdapBw9vBfhTg
a20vanMueW1s,VhmR69SJnRdgKYt3inuKNA
a24vUkVBRE1FLm1k,lm2-9DFuZtEMBR5UjmIxgA
a24vanMueW1s,HkEIMG8O2N3dGkrBtiTq4w
a28vUkVBRE1FLm1k,p_5fbZqDU76r8eERw67lEQ
a28vanMueW1s,mM6Zu8-fdjd4s92G6CNhGA
a2EvUkVBRE1FLm1k,R2lTgM2e4yBW9QG_r6qMxQ
a2EvanMueW1s,jGigTU16401F4V_GVFLsiA
a2svUkVBRE1FLm1k,tUJLJp4dU94okxZhpGbnoA
a2svanMueW1s,9ZjEDBEzG03ht8ShxM8tfg
aGkvUkVBRE1FLm1k,8ZFaUkK5aYj9JG0v0TrvRQ
aGkvanMueW1s,dz9tdtuYGRZBICuN0MEy3Q
aHIvUkVBRE1FLm1k,D-QCZ0WFA38I7C4NBdRfwQ
aHIvanMueW1s,qaMM8bWCkVFdC7N4A7ddDA
aHUvUkVBRE1FLm1k,qH8ZOr7qv0TlDf-BA2LNGw
aHUvanMueW1s,kJVfeRjIrtxviSiAfH_mpA
aHkvUkVBRE1FLm1k,D5E3i5yhhr39QM-kAlDi0Q
aHkvanMueW1s,YKp7m9_niQQM85XMd25_gw
aWQvUkVBRE1FLm1k,Ci74liReP08QFf-sesQwfA
aWQvanMueW1s,NrQQ-18kGW-faWq1dg-ytw
aXMvUkVBRE1FLm1k,H0jQQnKz7t9SGOySGPWnZQ
aXMvanMueW1s,wl8QBgLo0QmoxeKNQBEv5g
aXQvUkVBRE1FLm1k,3P77Swe6DmGZFcTWtjoJ0w
aXQvanMueW1s,Wo0ssfTWyLtwJrT4x2ZoVw
aXcvUkVBRE1FLm1k,U3DaLXJ43fDF2mfgFNgwvQ
aXcvanMueW1s,MvYi97cBT92rxlb1J_0aqA
amEvUkVBRE1FLm1k,Dz6xiKv7VMtGcfi0Jvht9Q
amEvanMueW1s,w4WTwWPlL0xp4sgM5BHUOw
anYvUkVBRE1FLm1k,N3KlbTxAoRvDSRfwwwbb6w
anYvanMueW1s,NrQQ-18kGW-faWq1dg-ytw
b3IvUkVBRE1FLm1k,qXTF9dNhdPtq94hHI2aIRg
b3IvanMueW1s,udwKvWw64c08rWSQdZ_U3A
bG8vUkVBRE1FLm1k,wgaj1uDi3zT65zZ-qi3F6w
bG8vanMueW1s,50poxBfDC7KFp7x_Gknhyw
bGIvUkVBRE1FLm1k,q-v88Gi8bUZJvmSmExw5pQ
bGIvanMueW1s,dMe2FeWxPK0Tiktxw9q4Pw
bHQvUkVBRE1FLm1k,FO_2_r8RD2q0eUgLAZU82A
bHQvanMueW1s,kIamJe5E-NbpSqu3OBJP-A
bHYvUkVBRE1FLm1k,OYvYNTSQ47nRNG35PRwoqw
bHYvanMueW1s,VpN0cLEgv6dCmIFKEaL0Pg
bWsvUkVBRE1FLm1k,x2sjOK6P9U7LvhyFUFoCrA
bWsvanMueW1s,9ZjEDBEzG03ht8ShxM8tfg
bXIvUkVBRE1FLm1k,bJlCXA0TR-xs8iLwTjlhQw
bXIvanMueW1s,dz9tdtuYGRZBICuN0MEy3Q
bXMvUkVBRE1FLm1k,CCxalSKHaVcVghCJApjb_g
bXMvanMueW1s,Mx1PGLyqKp_5wY-ptIClxQ
bXQvUkVBRE1FLm1k,RGkfu8v1OmRhaCNVSMM4cg
bXQvanMueW1s,qaUBIUcEco7vfv0sSv22Bg
bXkvUkVBRE1FLm1k,Sd1lsvZqJ78-nshvtb6gLQ
bXkvanMueW1s,jmKDbF2S4aoIwkj8_H-vVQ
bm8vUkVBRE1FLm1k,SNXXmPXzQ6WI6SMrHuYIaw
bm8vanMueW1s,NrQQ-18kGW-faWq1dg-ytw
bmUvUkVBRE1FLm1k,prM-Z8jV7kF0f3I2t_Z5Jg
bmUvanMueW1s,dz9tdtuYGRZBICuN0MEy3Q
bmwvUkVBRE1FLm1k,WRvqG0QWfyhSoTq3NxVo0A
bmwvanMueW1s,9_7dHaMM-Vtx-r60EXz99w
c2QvUkVBRE1FLm1k,qU2fW9Ru0xSoc-vXO44-Qw
c2QvanMueW1s,NtVSFH5q6tOacN5htkbd9Q
c2kvUkVBRE1FLm1k,x7L4b35iygXJS3HL_yVyVQ
c2kvanMueW1s,gdJ1YIGyvJbyLf1pFC8n3g
c2svUkVBRE1FLm1k,Jtn2hLL74cmcjUegBx4ZaQ
c2svanMueW1s,kJVfeRjIrtxviSiAfH_mpA
c2wvUkVBRE1FLm1k,uGPfYg_DO65e6B-D17kwrw
c2wvanMueW1s,rBqUt5k-dw90uSpaLjDHhw
c3EvUkVBRE1FLm1k,5aDeBCSUFMhP_38cwI3Ztw
c3EvanMueW1s,-OjX1xU4bLoG1E513lt5LQ
c3IvUkVBRE1FLm1k,jBKJuGVAreMcYAFNMRipOw
c3IvanMueW1s,9ZjEDBEzG03ht8ShxM8tfg
c3YvUkVBRE1FLm1k,PZmfgcdkQ8hO7I9_zAvSmQ
c3YvanMueW1s,XoSl8qWDoat63Rsy8fPvUQ
c3cvUkVBRE1FLm1k,_W6JrKvcMF698Ntw_voYPQ
c3cvanMueW1s,rWBCyP-jM8qDMGJw_LSiDQ
cGwvUkVBRE1FLm1k,JE51IGzML8QLLghruqNogg
cGwvanMueW1s,Mx1PGLyqKp_5wY-ptIClxQ
cHQvUkVBRE1FLm1k,tPb-XOa7IMdSI4VWwbxgOw
cHQvanMueW1s,Nmko-3LuQu4u7lCUXiZKDQ
cm8vUkVBRE1FLm1k,HozjVit6rUbTiHiTuIcEXg
cm8vanMueW1s,FDCUCWEkLacs6v28k3_C-w
cnUvUkVBRE1FLm1k,caRgdsQJ_XFybGoKxMXsmA
cnUvanMueW1s,9ZjEDBEzG03ht8ShxM8tfg
dGEvUkVBRE1FLm1k,JsnJ3aKt6RRbIybMjBdUOw
dGEvanMueW1s,W8-RlQ00bzpE_mYhGqBi1g
dGUvUkVBRE1FLm1k,Ne2GnM0QsDUDEdZyGnAi3g
dGUvanMueW1s,AmGlLH82Qnkfbb2JmpDPEg
dGgvUkVBRE1FLm1k,NTDh-RGixCVIZ9zp48FtAg
dGgvanMueW1s,hdRcjXBZgdu9Whfc3WDrUA
dHIvUkVBRE1FLm1k,MGYTymENdfcG4VO9hJjGhg
dHIvanMueW1s,Mx1PGLyqKp_5wY-ptIClxQ
dWsvUkVBRE1FLm1k,DxdGZwRlyMCA_yCkB_3Izw
dWsvanMueW1s,9ZjEDBEzG03ht8ShxM8tfg
dXIvUkVBRE1FLm1k,j8G2hr64DbYOJgyhw2EpNw
dXIvanMueW1s,A5x4eie8QA5mTZsmHz4ZAA
dXovUkVBRE1FLm1k,BiQ3Ncuw9PLIj0zuONA1qA
dXovanMueW1s,Mx1PGLyqKp_5wY-ptIClxQ
dmkvUkVBRE1FLm1k,2jj6fnDKIB_Y9XJi5VOM0g
dmkvanMueW1s,Yr9RZZn5qehcpGqjSqBy0g
emgtVFcvUkVBRE1FLm1k,TFAcOAww5_IIipUqriEcOA
emgtVFcvanMueW1s,OFCYDnCWNBm0lFPxXwqYKw
emgvUkVBRE1FLm1k,1AwKrsCTtB6N-CqEPnNE9Q
emgvanMueW1s,HSuPvJwwjSQ_LTzlJuMDiA