en/README.md,1639
de/README.md,1639
ru/README.md,1639
it/README.md,1639
fr/README.md,1639
hi/README.md,1639
ko/README.md,1639
ja/README.md,1639
es/README.md,1639
id/README.md,1639
ar/README.md,1639
nl/README.md,1639
tr/README.md,1639
sv/README.md,1639
pl/README.md,1639
no/README.md,1639
zh-TW/README.md,1639
th/README.md,1639
vi/README.md,1639
bn/README.md,1639
mr/README.md,1639
ceb/README.md,1639
ms/README.md,1639
da/README.md,1639
af/README.md,1639
fa/README.md,1639
cs/README.md,1639
ur/README.md,1639
ta/README.md,1639
pt/README.md,1639
kn/README.md,1639
ro/README.md,1639
fi/README.md,1639
ca/README.md,1639
gu/README.md,1639
kk/README.md,1639
el/README.md,1639
sk/README.md,1639
te/README.md,1639
hu/README.md,1639
uk/README.md,1639
sw/README.md,1639
bg/README.md,1639
cy/README.md,1639
eu/README.md,1639
lb/README.md,1639
si/README.md,1639
hr/README.md,1639
az/README.md,1639
lt/README.md,1639
gl/README.md,1639
or/README.md,1639
sr/README.md,1639
be/README.md,1639
my/README.md,1639
sd/README.md,1639
sl/README.md,1639
as/README.md,1639
et/README.md,1639
lv/README.md,1639
ne/README.md,1639
hy/README.md,1639
km/README.md,1639
bs/README.md,1639
ka/README.md,1639
is/README.md,1639
mk/README.md,1639
mt/README.md,1639
sq/README.md,1639
lo/README.md,1639
jv/README.md,1639
iw/README.md,1639
fil/README.md,1639
en/js.yml,1640
ja/js.yml,1640
de/js.yml,1640
hi/js.yml,1640
uz/README.md,1639
fr/js.yml,1640
ru/js.yml,1640
it/js.yml,1640
id/js.yml,1640
ko/js.yml,1640
es/js.yml,1640
ar/js.yml,1640
tr/js.yml,1640
zh-TW/js.yml,1640
nl/js.yml,1640
sv/js.yml,1640
pl/js.yml,1640
no/js.yml,1640
th/js.yml,1640
vi/js.yml,1640
fa/js.yml,1640
ms/js.yml,1640
bn/js.yml,1640
af/js.yml,1640
mr/js.yml,1640
ceb/js.yml,1640
da/js.yml,1640
ro/js.yml,1640
cs/js.yml,1640
ta/js.yml,1640
fi/js.yml,1640
pt/js.yml,1640
ur/js.yml,1640
kn/js.yml,1640
ca/js.yml,1640
gu/js.yml,1640
kk/js.yml,1640
el/js.yml,1640
hu/js.yml,1640
te/js.yml,1640
sk/js.yml,1640
uk/js.yml,1640
hr/js.yml,1640
sw/js.yml,1640
lb/js.yml,1640
bg/js.yml,1640
cy/js.yml,1640
eu/js.yml,1640
si/js.yml,1640
lt/js.yml,1640
az/js.yml,1640
gl/js.yml,1640
sr/js.yml,1640
my/js.yml,1640
or/js.yml,1640
be/js.yml,1640
as/js.yml,1640
sd/js.yml,1640
km/js.yml,1640
et/js.yml,1640
ne/js.yml,1640
sl/js.yml,1640
hy/js.yml,1640
lv/js.yml,1640
lo/js.yml,1640
ka/js.yml,1640
bs/js.yml,1640
sq/js.yml,1640
mk/js.yml,1640
mt/js.yml,1640
fil/js.yml,1640
is/js.yml,1640
jv/js.yml,1640
iw/js.yml,1640
uz/js.yml,1640