en/js.yml,106
hi/js.yml,106
ja/js.yml,106
de/js.yml,106
fr/js.yml,106
it/js.yml,106
ru/js.yml,106
ko/js.yml,106
id/js.yml,106
ar/js.yml,106
tr/js.yml,106
es/js.yml,106
nl/js.yml,106
zh-TW/js.yml,106
pl/js.yml,106
no/js.yml,106
sv/js.yml,106
vi/js.yml,106
ceb/js.yml,106
th/js.yml,106
ms/js.yml,106
bn/js.yml,106
fa/js.yml,106
mr/js.yml,106
af/js.yml,106
da/js.yml,106
ur/js.yml,106
ro/js.yml,106
ta/js.yml,106
fi/js.yml,106
cs/js.yml,106
kn/js.yml,106
ca/js.yml,106
gu/js.yml,106
kk/js.yml,106
el/js.yml,106
pt/js.yml,106
uk/js.yml,106
hu/js.yml,106
te/js.yml,106
sk/js.yml,106
bg/js.yml,106
sw/js.yml,106
cy/js.yml,106
az/js.yml,106
hr/js.yml,106
eu/js.yml,106
si/js.yml,106
lb/js.yml,106
or/js.yml,106
lt/js.yml,106
sr/js.yml,106
my/js.yml,106
sl/js.yml,106
be/js.yml,106
sd/js.yml,106
et/js.yml,106
gl/js.yml,106
km/js.yml,106
ne/js.yml,106
hy/js.yml,106
bs/js.yml,106
as/js.yml,106
ka/js.yml,106
lv/js.yml,106
sq/js.yml,106
mk/js.yml,106
fil/js.yml,106
iw/js.yml,106
lo/js.yml,106
is/js.yml,106
jv/js.yml,106
uz/js.yml,106
de/pug.yml,107
hi/pug.yml,107
en/pug.yml,107
fr/pug.yml,107
ja/pug.yml,107
it/pug.yml,107
ru/pug.yml,107
ko/pug.yml,107
mt/js.yml,106
id/pug.yml,107
es/pug.yml,107
ar/pug.yml,107
tr/pug.yml,107
nl/pug.yml,107
pl/pug.yml,107
sv/pug.yml,107
th/pug.yml,107
zh-TW/pug.yml,107
no/pug.yml,107
vi/pug.yml,107
bn/pug.yml,107
ms/pug.yml,107
fa/pug.yml,107
ceb/pug.yml,107
mr/pug.yml,107
af/pug.yml,107
da/pug.yml,107
ro/pug.yml,107
ur/pug.yml,107
cs/pug.yml,107
ta/pug.yml,107
kn/pug.yml,107
pt/pug.yml,107
fi/pug.yml,107
gu/pug.yml,107
kk/pug.yml,107
el/pug.yml,107
hu/pug.yml,107
uk/pug.yml,107
ca/pug.yml,107
sk/pug.yml,107
te/pug.yml,107
sw/pug.yml,107
bg/pug.yml,107
cy/pug.yml,107
eu/pug.yml,107
hr/pug.yml,107
lb/pug.yml,107
si/pug.yml,107
az/pug.yml,107
lt/pug.yml,107
be/pug.yml,107
sr/pug.yml,107
sd/pug.yml,107
or/pug.yml,107
sl/pug.yml,107
as/pug.yml,107
my/pug.yml,107
gl/pug.yml,107
et/pug.yml,107
lv/pug.yml,107
hy/pug.yml,107
bs/pug.yml,107
ne/pug.yml,107
ka/pug.yml,107
is/pug.yml,107
km/pug.yml,107
mk/pug.yml,107
lo/pug.yml,107
fil/pug.yml,107
sq/pug.yml,107
iw/pug.yml,107
jv/pug.yml,107
uz/pug.yml,107
mt/pug.yml,107