Y2EvUkVBRE1FLm1k,gmm3egJVYcVkqye2T8KfmA
Y2EvanMueW1s,8TY0yLY9BcfwSObLGAieZw
Y2ViL1JFQURNRS5tZA,Bf3rKss4FajWioJ0NaoVWA
Y2ViL2pzLnltbA,xy8Mg39m3DsN4pKe8RCogA
Y3MvUkVBRE1FLm1k,t5dTr6D0s8h6x6tJU03Nuw
Y3MvanMueW1s,KYN8WcTHJPYgknJqBtaslQ
Y3kvUkVBRE1FLm1k,QpN5ldGW3tP4X4ZHvfo6cg
Y3kvanMueW1s,Ai-BZR1GKET9E478-N_OQw
YWYvUkVBRE1FLm1k,mq1PfXsa-ujbXzS1lenqkw
YWYvanMueW1s,P46qEGHg27XeT3LqKF35dw
YXIvUkVBRE1FLm1k,qrO0TndGwoLWxBPDb8YI5g
YXIvanMueW1s,gzlCEVYRiSUs3PAxZkFEMw
YXMvUkVBRE1FLm1k,20rG14a3-TYtq1tkebiiJA
YXMvanMueW1s,zJf4uXvuooPy1CQtGU3T-Q
YXovUkVBRE1FLm1k,4ZBNEBRM2SwVqD2taYefeA
YXovanMueW1s,fzYLDahmn2YqANp8YAZBlw
Ym4vUkVBRE1FLm1k,ElOF1704EAfvmxQ5XU0-Hw
Ym4vanMueW1s,aCjg9v9G76e2ftzRF7YylA
YmUvUkVBRE1FLm1k,AvwgkBUyhOzCiY7osHMGoQ
YmUvanMueW1s,muugw_t6nnEQ7s4WJSYf7Q
YmcvUkVBRE1FLm1k,X85r8OzlLBW0zxx45Dv-Ug
YmcvanMueW1s,h1jrjMOLppq_5lPyUNMVqQ
YnMvUkVBRE1FLm1k,MwXZU_PdR2dbH9fn6mPeQg
YnMvanMueW1s,UvM6vSX1vDt1wp0Ae0ZwkA
Z2wvUkVBRE1FLm1k,0gDi0kc6WXkXEKw4j_aoOA
Z2wvanMueW1s,0WWhwoHskK2x_l-fqrZiNQ
Z3UvUkVBRE1FLm1k,Q3b4Gr_KvVt_BkI9fmkDNA
Z3UvanMueW1s,-PVhsfv3rYNaw7CvOULdyw
ZGEvUkVBRE1FLm1k,qxgznXeiMPUfzLG-27WTvw
ZGEvanMueW1s,Ca1xbTky3iUn-z3rMdRGmg
ZGUvUkVBRE1FLm1k,mK85OPuuEZ7ekKl34WXNkQ
ZGUvanMueW1s,5CdU1kP_zscIcaEw-X6BiA
ZW4vUkVBRE1FLm1k,n4U__2JuNG0gySrH_21Jdw
ZW4vanMueW1s,dkrbI4Ve_tqNMm-rva4-wg
ZWwvUkVBRE1FLm1k,LVtm5CNxZftqTTYVSpnIWQ
ZWwvanMueW1s,c2MeNsiNYqIKe6uZYnmmQg
ZXMvUkVBRE1FLm1k,Avehp5mu09js4dlpdyu0yA
ZXMvanMueW1s,aqQ0IfNllduik43l6Dqy0Q
ZXQvUkVBRE1FLm1k,zoz5Bx67RwE1ZivUvAqm9w
ZXQvanMueW1s,ZOaDQM1VOAP1DtQhBFET5Q
ZXUvUkVBRE1FLm1k,yaqUYIYdHXJgoOAg_P55SQ
ZXUvanMueW1s,oRUYDAjNMq41Mz_OVskmOw
ZmEvUkVBRE1FLm1k,GaC0SUf13WJj1i_zKjLoPA
ZmEvanMueW1s,PyJOLgcbtCWaOnq6o0hz0g
ZmkvUkVBRE1FLm1k,sr0dhwC2BOt2vS74Qy1QJg
ZmkvanMueW1s,EHTdN7nFLcmGLyzmxXxxgw
ZmlsL1JFQURNRS5tZA,cOBnG5kC_sne2UjqwMM8KA
ZmlsL2pzLnltbA,qb7OuuHF5DO0gjM0j5s0gQ
ZnIvUkVBRE1FLm1k,u8OtHS0NSHE-ExK6sa0mwg
ZnIvanMueW1s,QB_MJEiY91281LPYRsUjhA
a20vUkVBRE1FLm1k,m8FSlejEWkC4AF1Wo2I-hA
a20vanMueW1s,OUon3RmW-PW_4KafIL1hww
a24vUkVBRE1FLm1k,2UMjOyBsasv55bvFSyR_iA
a24vanMueW1s,Pipn169W4ePEJxn62OicXg
a28vUkVBRE1FLm1k,59lMyw13tEvu3-OllQQI-Q
a28vanMueW1s,jwxS4tBs2c6PSvGnTDIuIg
a2EvUkVBRE1FLm1k,d6gF2EKqeLYrv3iQmgR8Rw
a2EvanMueW1s,ak-uQ97yhaTyFVNaagLdaQ
a2svUkVBRE1FLm1k,5C8qBgczXv1uX_w_D45izw
a2svanMueW1s,3dGFD-S2IpRlK8e29lgTbQ
aGkvUkVBRE1FLm1k,yjAspq4ehW3Tr64fmikGWw
aGkvanMueW1s,RyevxQlMdaxaP-QU9MV9aQ
aHIvUkVBRE1FLm1k,vHant6YoWoMW5x2iynYpUw
aHIvanMueW1s,j-QMdI1jOMVb0OXDsV_f1g
aHUvUkVBRE1FLm1k,YDBjOeFqiZbFxmEpxO4j9g
aHUvanMueW1s,RYWEASligCgLT11dq5_PIA
aHkvUkVBRE1FLm1k,8hgDXD3943RIYV5shS59PA
aHkvanMueW1s,tz84BClVyzq7O-GyPtyukA
aWQvUkVBRE1FLm1k,wt1NF8VlBiilQNfEMOFEUQ
aWQvanMueW1s,CM6q6HA9WV48yhiwlefp5Q
aXMvUkVBRE1FLm1k,bkPvngNEr8n3pk3jOhzYHw
aXMvanMueW1s,-Y4aNMjoPGS34-ZYWRpxmA
aXQvUkVBRE1FLm1k,B9wVx9SbY6kd-3MKynjXwA
aXQvanMueW1s,eDZpquwWS-bxXUCMwzZE-A
aXcvUkVBRE1FLm1k,dNb9xXA7onzG5UH32kJ5qw
aXcvanMueW1s,SxR2S90BaAtj4ug73ZnD-g
amEvUkVBRE1FLm1k,BltBgCxPbt_WI0LjTXjniA
amEvanMueW1s,DAemVFChDyyCgZQWla0vvA
anYvUkVBRE1FLm1k,GXRQrobMOzHvjECON3PbvA
anYvanMueW1s,fVEdWavktaZYxMlqPk3KRw
b3IvUkVBRE1FLm1k,2QB1rTc998UIfOtMtL9E0g
b3IvanMueW1s,TlUEfAfY-K7BVAtFzMEC9A
bG8vUkVBRE1FLm1k,bV0NlkMZkYTkWQEgSMrQIg
bG8vanMueW1s,ztvv_SpZtu0V5uqRlSaaTg
bGIvUkVBRE1FLm1k,mnliKPHm6X1ITp-juRuZzA
bGIvanMueW1s,Dwd2UQc2aVQBR-BEf5X36Q
bHQvUkVBRE1FLm1k,u-gW0hLtg95SldEC-454ug
bHQvanMueW1s,1iGcQreFc6IDREGE48oRXg
bHYvUkVBRE1FLm1k,acMfpJ2nPdsxF5czzoT4bQ
bHYvanMueW1s,Gx3MyaiwCC_ml4SssePtBA
bWsvUkVBRE1FLm1k,uS8SU-meGQrJliI3nOMcug
bWsvanMueW1s,Js3OuV5sEi1Q5RO_SgugKg
bXIvUkVBRE1FLm1k,JZ5F-EbyWZi2xN74ScCE_g
bXIvanMueW1s,ZXmSIffgcffIEFxHn33Zpw
bXMvUkVBRE1FLm1k,5byWyPazLog6wv5an8Ykrw
bXMvanMueW1s,lEmY3OeD2K8GG9ADcPD-pQ
bXQvUkVBRE1FLm1k,yoWlfTo9iswzj_pEFU06LA
bXQvanMueW1s,KnZkZbI3jOh7QrK8eYcsFQ
bXkvUkVBRE1FLm1k,NXOPxOAC9KhoiUp0QkUexQ
bXkvanMueW1s,H8xHG3FQU9Xj2eNHDyRYgQ
bm8vUkVBRE1FLm1k,m0snfflzgGI-S5o4ylDvCg
bm8vanMueW1s,uEbK4B4IvBJJj4RVq-NJHA
bmUvUkVBRE1FLm1k,CYI8KJL4aMnZvhcXJlx5nA
bmUvanMueW1s,lZNxfXS7UgXxmd-5Tsf5Ig
bmwvUkVBRE1FLm1k,0ZOyqYuv45DWPN2kxaZrIQ
bmwvanMueW1s,4s9CBFW-Czne79-1uSLjIg
c2QvUkVBRE1FLm1k,lRZzyxTBHf4BtfIzWCV_4A
c2QvanMueW1s,nH_Q3OGP0RmFYgwGGcHk5w
c2kvUkVBRE1FLm1k,zIMTRYK_HtZpztLwB-YEmg
c2kvanMueW1s,On_oy6NMS-XoqqwrZnIbiA
c2svUkVBRE1FLm1k,zcCr7NGD6blDttN-w93ABw
c2svanMueW1s,xYEOSdQP7tto7A8ASqX5hA
c2wvUkVBRE1FLm1k,vMF0JpKvdxqqNr6eKdLQyw
c2wvanMueW1s,8H6B2tQcfJ6VVORmxr3-5A
c3EvUkVBRE1FLm1k,QP4WGIdGf8WEzI2WTmYo6Q
c3EvanMueW1s,B4osV0vNvNpgNSiDt7CSqg
c3IvUkVBRE1FLm1k,CKTT-NZuoaZH-gO-ha1NDA
c3IvanMueW1s,yB4QkyIaSAyIfc0jbeU-YQ
c3YvUkVBRE1FLm1k,GWZ8RfiJZz8CyKVULLB9Jg
c3YvanMueW1s,82WYXW7mGyLrHT8rbvIXkg
c3cvUkVBRE1FLm1k,cIG46flpFBqFFCQwaIGQyw
c3cvanMueW1s,q46BnYq7Bo1HaM3lul0P_g
cGwvUkVBRE1FLm1k,6gM-0OapgdVsfKKowmcPcw
cGwvanMueW1s,AIxBOq_aw46d4Kifh0HDCA
cHQvUkVBRE1FLm1k,ICtqrAdlx1JBt6ZkAtcJBg
cHQvanMueW1s,MAUH_pNW0wdTD-D-2pWSlw
cm8vUkVBRE1FLm1k,SnVnp0sg0GkKIkb-6kj9oA
cm8vanMueW1s,pgeaWxyT7e_ytOcr4wO_Fg
cnUvUkVBRE1FLm1k,fhhUKj2Ts8N9dm14E0LksQ
cnUvanMueW1s,dzu1t358lvGqLMC-Wec0bw
dGEvUkVBRE1FLm1k,uM6p2IU4kaMXwfh-N9VgHg
dGEvanMueW1s,ST0dqsI5gw3kN2ceQYVCBA
dGUvUkVBRE1FLm1k,3_2x4Yz6j-GoX3xI94xkOA
dGUvanMueW1s,uECenBTMG_jjEEacunpkXA
dGgvUkVBRE1FLm1k,pIF-Lp6kqDZvDuHdGWD51Q
dGgvanMueW1s,vfCyNyliTSitO1dHDMPvXw
dHIvUkVBRE1FLm1k,dQoXQPf_4lQ_URcbzOr9HQ
dHIvanMueW1s,U8FOiF_0QgfuU1ziFW64lQ
dWsvUkVBRE1FLm1k,glvxxFZfz9VXkpriRoDE2g
dWsvanMueW1s,o3Ga9REsNCth-gD_qCZcyw
dXIvUkVBRE1FLm1k,obPBlfXHfR_y4QNwQfbfUw
dXIvanMueW1s,ZkFy7W-RY1axQO5nqeGIcg
dXovUkVBRE1FLm1k,MQdY_uhw_tVcvOpbZyHCoQ
dXovanMueW1s,NbCaqyKkIev8DtZufhruUA
dmkvUkVBRE1FLm1k,Q2_TiqvYKD4DfGOg1QqWuQ
dmkvanMueW1s,xViDhaB9Tq-pe9MG7BNAwQ
emgtVFcvUkVBRE1FLm1k,_JDgELu5JQUS7WgplHauqA
emgtVFcvanMueW1s,K1QZmDZetNWFsiUQWwr85w
emgvUkVBRE1FLm1k,ETK4u3tFPQ_b928xbQ1n3Q
emgvanMueW1s,lNCw63Z-BVL0E7SZpVOcKQ