en/README.md,639
de/README.md,639
hi/README.md,639
it/README.md,639
ja/README.md,639
fr/README.md,639
ru/README.md,639
ko/README.md,639
es/README.md,639
id/README.md,639
pl/README.md,639
tr/README.md,639
ar/README.md,639
nl/README.md,639
sv/README.md,639
zh-TW/README.md,639
no/README.md,639
th/README.md,639
ceb/README.md,639
bn/README.md,639
fa/README.md,639
vi/README.md,639
ms/README.md,639
mr/README.md,639
af/README.md,639
da/README.md,639
ro/README.md,639
cs/README.md,78
ur/README.md,639
ta/README.md,78
fi/README.md,78
pt/README.md,78
kn/README.md,78
ca/README.md,78
gu/README.md,78
el/README.md,78
uk/README.md,78
kk/README.md,78
hu/README.md,78
te/README.md,78
sk/README.md,78
sw/README.md,78
eu/README.md,78
bg/README.md,78
hr/README.md,78
lb/README.md,78
cy/README.md,78
si/README.md,78
az/README.md,78
lt/README.md,78
or/README.md,78
be/README.md,78
gl/README.md,78
sr/README.md,78
sl/README.md,78
my/README.md,78
sd/README.md,78
as/README.md,78
lv/README.md,78
km/README.md,78
et/README.md,78
ne/README.md,78
hy/README.md,78
ka/README.md,78
bs/README.md,78
is/README.md,78
lo/README.md,78
mk/README.md,78
mt/README.md,78
fil/README.md,78
en/js.yml,747
sq/README.md,78
hi/js.yml,747
fr/js.yml,747
jv/README.md,78
de/js.yml,747
it/js.yml,747
ja/js.yml,747
iw/README.md,78
id/js.yml,747
uz/README.md,78
ru/js.yml,747
ko/js.yml,747
tr/js.yml,747
sv/js.yml,747
ar/js.yml,747
es/js.yml,747
pl/js.yml,747
no/js.yml,747
th/js.yml,747
nl/js.yml,747
vi/js.yml,747
ceb/js.yml,747
ms/js.yml,747
af/js.yml,747
zh-TW/js.yml,747
da/js.yml,747
ur/js.yml,747
mr/js.yml,747
bn/js.yml,747
fa/js.yml,747
cs/js.yml,747
ro/js.yml,747
kn/js.yml,747
pt/js.yml,747
fi/js.yml,747
ta/js.yml,747
ca/js.yml,747
kk/js.yml,747
gu/js.yml,747
el/js.yml,747
hu/js.yml,747
uk/js.yml,747
bg/js.yml,747
sw/js.yml,747
cy/js.yml,747
sk/js.yml,747
eu/js.yml,747
te/js.yml,747
lb/js.yml,747
az/js.yml,747
hr/js.yml,747
be/js.yml,747
si/js.yml,747
sr/js.yml,747
or/js.yml,747
lt/js.yml,747
sd/js.yml,747
my/js.yml,747
sl/js.yml,747
gl/js.yml,747
et/js.yml,747
km/js.yml,747
ne/js.yml,747
bs/js.yml,747
lv/js.yml,747
as/js.yml,747
is/js.yml,747
hy/js.yml,747
sq/js.yml,747
mk/js.yml,747
mt/js.yml,747
ka/js.yml,747
iw/js.yml,747
jv/js.yml,747
uz/js.yml,747
lo/js.yml,747
fil/js.yml,747