en/README.md,1648
ru/README.md,1648
ja/README.md,1648
ko/README.md,1648
de/README.md,1648
fr/README.md,1648
hi/README.md,1648
it/README.md,1648
es/README.md,1648
tr/README.md,1648
ar/README.md,1648
id/README.md,1648
pl/README.md,1648
zh-TW/README.md,1648
no/README.md,1648
sv/README.md,1648
nl/README.md,1648
vi/README.md,1648
th/README.md,1648
ceb/README.md,1648
bn/README.md,1648
fa/README.md,1648
ms/README.md,1648
mr/README.md,1648
da/README.md,1648
af/README.md,1648
ro/README.md,1648
ur/README.md,1648
cs/README.md,1648
kn/README.md,1648
ta/README.md,1648
pt/README.md,1648
fi/README.md,1648
ca/README.md,1648
gu/README.md,1648
uk/README.md,1648
te/README.md,1648
el/README.md,1648
kk/README.md,1648
hu/README.md,1648
sk/README.md,1648
sw/README.md,1648
bg/README.md,1648
eu/README.md,1648
cy/README.md,1648
hr/README.md,1648
si/README.md,1648
lb/README.md,1648
lt/README.md,1648
or/README.md,1648
az/README.md,1648
sr/README.md,1648
gl/README.md,1648
sd/README.md,1648
be/README.md,1648
my/README.md,1648
as/README.md,1648
sl/README.md,1648
et/README.md,1648
lv/README.md,1648
km/README.md,1648
ne/README.md,1648
hy/README.md,1648
bs/README.md,1648
is/README.md,1648
ka/README.md,1648
lo/README.md,1648
mt/README.md,1648
fil/README.md,1648
mk/README.md,1648
sq/README.md,1648
iw/README.md,1648
uz/README.md,1648
jv/README.md,1648
en/js.yml,1326
hi/js.yml,1326
fr/js.yml,1326
ja/js.yml,1326
de/js.yml,1326
ru/js.yml,1326
it/js.yml,1326
es/js.yml,1326
ko/js.yml,1326
id/js.yml,1326
zh-TW/js.yml,1326
ar/js.yml,1326
pl/js.yml,1326
sv/js.yml,1326
tr/js.yml,1326
no/js.yml,1326
th/js.yml,1326
nl/js.yml,1326
bn/js.yml,1326
fa/js.yml,1326
mr/js.yml,1326
ms/js.yml,1326
af/js.yml,1326
ceb/js.yml,1326
vi/js.yml,1326
da/js.yml,1326
ur/js.yml,1326
ro/js.yml,1326
ta/js.yml,1326
cs/js.yml,1326
kn/js.yml,1326
pt/js.yml,1326
fi/js.yml,1326
gu/js.yml,1326
kk/js.yml,1326
te/js.yml,1326
el/js.yml,1326
ca/js.yml,1326
hu/js.yml,1326
uk/js.yml,1326
sk/js.yml,1326
eu/js.yml,1326
sw/js.yml,1326
bg/js.yml,1326
cy/js.yml,1326
si/js.yml,1326
lb/js.yml,1326
lt/js.yml,1326
hr/js.yml,1326
az/js.yml,1326
be/js.yml,1326
sr/js.yml,1326
as/js.yml,1326
my/js.yml,1326
gl/js.yml,1326
sd/js.yml,1326
or/js.yml,1326
sl/js.yml,1326
ne/js.yml,1326
hy/js.yml,1326
lv/js.yml,1326
et/js.yml,1326
km/js.yml,1326
is/js.yml,1326
ka/js.yml,1326
bs/js.yml,1326
mk/js.yml,1326
sq/js.yml,1326
mt/js.yml,1326
iw/js.yml,1326
lo/js.yml,1326
jv/js.yml,1326
uz/js.yml,1326
fil/js.yml,1326