de/js.yml,167
hi/js.yml,167
en/js.yml,167
ja/js.yml,167
fr/js.yml,167
it/js.yml,167
ru/js.yml,167
ko/js.yml,167
es/js.yml,167
id/js.yml,167
tr/js.yml,167
ar/js.yml,167
nl/js.yml,167
pl/js.yml,167
sv/js.yml,167
vi/js.yml,167
no/js.yml,167
zh-TW/js.yml,167
th/js.yml,167
ceb/js.yml,167
bn/js.yml,167
fa/js.yml,167
mr/js.yml,167
ms/js.yml,167
ro/js.yml,167
af/js.yml,167
da/js.yml,167
ur/js.yml,167
cs/js.yml,167
ta/js.yml,167
pt/js.yml,167
fi/js.yml,167
kn/js.yml,167
ca/js.yml,167
gu/js.yml,167
kk/js.yml,167
el/js.yml,167
hu/js.yml,167
te/js.yml,167
sk/js.yml,167
uk/js.yml,167
sw/js.yml,167
bg/js.yml,167
cy/js.yml,167
eu/js.yml,167
hr/js.yml,167
lb/js.yml,167
az/js.yml,167
si/js.yml,167
lt/js.yml,167
or/js.yml,167
sr/js.yml,167
be/js.yml,167
gl/js.yml,167
my/js.yml,167
sd/js.yml,167
sl/js.yml,167
as/js.yml,167
et/js.yml,167
lv/js.yml,167
km/js.yml,167
ne/js.yml,167
bs/js.yml,167
is/js.yml,167
hy/js.yml,167
ka/js.yml,167
lo/js.yml,167
mk/js.yml,167
mt/js.yml,167
sq/js.yml,167
fil/js.yml,167
iw/js.yml,167
uz/js.yml,167
jv/js.yml,167
en/pug.yml,775
hi/pug.yml,775
de/pug.yml,775
ja/pug.yml,775
it/pug.yml,775
fr/pug.yml,775
ru/pug.yml,775
es/pug.yml,775
id/pug.yml,775
tr/pug.yml,775
nl/pug.yml,775
ar/pug.yml,775
pl/pug.yml,775
ko/pug.yml,775
zh-TW/pug.yml,775
no/pug.yml,775
sv/pug.yml,775
th/pug.yml,775
ceb/pug.yml,775
vi/pug.yml,775
bn/pug.yml,775
fa/pug.yml,775
af/pug.yml,775
ms/pug.yml,775
da/pug.yml,775
mr/pug.yml,775
ro/pug.yml,775
cs/pug.yml,775
ur/pug.yml,775
ta/pug.yml,775
fi/pug.yml,775
ca/pug.yml,775
kn/pug.yml,775
pt/pug.yml,775
el/pug.yml,775
kk/pug.yml,775
gu/pug.yml,775
hu/pug.yml,775
uk/pug.yml,775
te/pug.yml,775
sw/pug.yml,775
sk/pug.yml,775
bg/pug.yml,775
cy/pug.yml,775
eu/pug.yml,775
lb/pug.yml,775
si/pug.yml,775
hr/pug.yml,775
az/pug.yml,775
lt/pug.yml,775
or/pug.yml,775
sr/pug.yml,775
be/pug.yml,775
my/pug.yml,775
sd/pug.yml,775
as/pug.yml,775
gl/pug.yml,775
sl/pug.yml,775
et/pug.yml,775
km/pug.yml,775
lv/pug.yml,775
ne/pug.yml,775
hy/pug.yml,775
is/pug.yml,775
bs/pug.yml,775
ka/pug.yml,775
lo/pug.yml,775
mt/pug.yml,775
mk/pug.yml,775
sq/pug.yml,775
iw/pug.yml,775
jv/pug.yml,775
fil/pug.yml,775
uz/pug.yml,775