Y2EvUkVBRE1FLm1k,tj1gmPzMJlzbOLSiVUks2A
Y2ViL1JFQURNRS5tZA,I0HBagH8vGX33UrK391GDw
Y3MvUkVBRE1FLm1k,uKT78vpSAUnGMmhUT4OYUw
Y3kvUkVBRE1FLm1k,sptuI4rDHF7lArZ4fUmERw
YWYvUkVBRE1FLm1k,Bpzr46YbyNJj3zoSzt5UZg
YXIvUkVBRE1FLm1k,OGX1jrexAP82CbiLnC7LCg
YXMvUkVBRE1FLm1k,HT8zlD2KxmCwy6zPOr2A2Q
YXovUkVBRE1FLm1k,ddHB_aDrhLodZqKuhVDPqw
Ym4vUkVBRE1FLm1k,oAzbOwxL5e2o3zGVPfIV-Q
YmUvUkVBRE1FLm1k,-EDvOkSZ53Uyde48t7BGNA
YmcvUkVBRE1FLm1k,cWTDz0e4SePZZOHcheqGvQ
YnMvUkVBRE1FLm1k,8L6dEK0Q60tTxGHZqReocg
Z2wvUkVBRE1FLm1k,yFxLhk4KT8RGE4da3c7QvA
Z3UvUkVBRE1FLm1k,6mFlzWNejs8rlWCtwbBQAw
ZGEvUkVBRE1FLm1k,IPXlhI4DW9ZfjAGuqLb23w
ZGUvUkVBRE1FLm1k,bZywR2sc0HFu6f391dAU5g
ZW4vUkVBRE1FLm1k,E0BMvWIN6OGFsxtaPsKQJg
ZWwvUkVBRE1FLm1k,vbVpNb6FLQaXkBFq-QWPuA
ZXMvUkVBRE1FLm1k,NRxKYNSTpxT39FkcbT8Zrw
ZXQvUkVBRE1FLm1k,LoGQKH-hei7BAuWtr9WLFg
ZXUvUkVBRE1FLm1k,pSEaojtM5Qvi_HO6PKEr3A
ZmEvUkVBRE1FLm1k,ipHwIPS6jSCoTqAwegXizA
ZmkvUkVBRE1FLm1k,UjR4NqWTZ_XA8IGuNKxQOw
ZmlsL1JFQURNRS5tZA,8VpUkTlpPpIwCpbgl-axFA
ZnIvUkVBRE1FLm1k,q2wKxErjusza57k-YmIRGw
a20vUkVBRE1FLm1k,U8Ykn_obt_vwvrfZWRBuMg
a24vUkVBRE1FLm1k,Zb12SQt0SPraGbCml_o3sA
a28vUkVBRE1FLm1k,VBhDCsoMijCZO2Xi2pgj_g
a2EvUkVBRE1FLm1k,c_-73F64n-IQ-3B8fIf9fg
a2svUkVBRE1FLm1k,UBzeiTpISMH3Wm9if_rcTg
aGkvUkVBRE1FLm1k,4JGym7Q75oXzoWB29MGzlg
aHIvUkVBRE1FLm1k,MZCXvLpIoQcavlzrkkj1SQ
aHUvUkVBRE1FLm1k,or4ebg3riCialYjsSEb0dQ
aHkvUkVBRE1FLm1k,WLop9drPIj98XYnsExdTXg
aWQvUkVBRE1FLm1k,sMqC6_LcgZZYavY2nft6Ug
aXMvUkVBRE1FLm1k,KmGx-OOez9PNbAdEA4pUDQ
aXQvUkVBRE1FLm1k,Y3_NQHY0RGE3GjZfjawZNg
aXcvUkVBRE1FLm1k,q6FYIeLLAO7YYg7NTqpm_A
amEvUkVBRE1FLm1k,jfI3r2IlGuUq_PVg704JsA
anYvUkVBRE1FLm1k,0ep8wEPXk4h8PTDWWHXqug
b3IvUkVBRE1FLm1k,p6R6jbNk4pTJktZlDXOBdw
bG8vUkVBRE1FLm1k,J22VE7jr89ABcX4OS3Fq2g
bGIvUkVBRE1FLm1k,69gFmh9hO5T6hgxm5yrzxw
bHQvUkVBRE1FLm1k,zp4hupQTfckCMbR-9gz4Dg
bHYvUkVBRE1FLm1k,gWxFOgnB5O6UzIvZQh_7QA
bWsvUkVBRE1FLm1k,V3E80wUOqaUb9XwpuIR3TA
bXIvUkVBRE1FLm1k,UqFPuzgcKdfMjotwcTzU-Q
bXMvUkVBRE1FLm1k,_whfyHg7S4Umr_S_XMcMTg
bXQvUkVBRE1FLm1k,L2YKdTaksgO9Le_SaU2wXg
bXkvUkVBRE1FLm1k,jxwZ6oTu_7hp4pugSPTy7g
bm8vUkVBRE1FLm1k,SlPbwYxguBJcoHiGJlQcWQ
bmUvUkVBRE1FLm1k,D5Mvt5KYZrC2tzjkkiS7ug
bmwvUkVBRE1FLm1k,JBD1-pnwY5NKYoDsbhQZVQ
c2QvUkVBRE1FLm1k,4W_hTm8FUNU1nxTqRhy_KQ
c2kvUkVBRE1FLm1k,ePgv2Seb-G--Utpx1w0Uuw
c2svUkVBRE1FLm1k,3Se9UDYP530KxdlhbM4pgQ
c2wvUkVBRE1FLm1k,-g-2mgWUFUt7acru7icTIw
c3EvUkVBRE1FLm1k,JDYpIwK8_uBIRAkQjMjTUA
c3IvUkVBRE1FLm1k,zkH91AHuFoZ_MSNZqQm72w
c3YvUkVBRE1FLm1k,vCN9yALjtqNS0IGdPtuYaQ
c3cvUkVBRE1FLm1k,Uy9UJzs-K_n8CZV8A37Tqw
cGwvUkVBRE1FLm1k,fMZdjG0deVTbJlom080zIA
cHQvUkVBRE1FLm1k,14JYSNWfOxijIzAFA7AWaQ
cm8vUkVBRE1FLm1k,6Qn5905TedZy2HQIfU6qKg
cnUvUkVBRE1FLm1k,4_EfdUQZzwmHX-9LIgdO6g
dGEvUkVBRE1FLm1k,s0U2lbZGr_DdHf1mzZxFNw
dGUvUkVBRE1FLm1k,H9LnLQpwHb5hlkbMmdwqKw
dGgvUkVBRE1FLm1k,duwEOliO-x0hZNUibZDckQ
dHIvUkVBRE1FLm1k,jTET3_LdYm0Wmyb2VXoa-A
dWsvUkVBRE1FLm1k,zYMkCHSVgY-nJXCox_JUpg
dXIvUkVBRE1FLm1k,W_h2PaW5EBBk97JFBqyt3g
dXovUkVBRE1FLm1k,MDvsiShEHrdwbS7TMXGGXQ
dmkvUkVBRE1FLm1k,NBRRcdJra38NQS0TEQHZUA
emgtVFcvUkVBRE1FLm1k,Q1LPfYPgN7B4CxhwgVZXDg
emgvUkVBRE1FLm1k,9nnCSa9Bs1EKgi8bf5JqlQ